Nature Machine Intelligence,NAT MACH INTELL,NATURE PORTFOLIO,N/A,2522-5839,"COMPUTER SCIENCE, INTERDISCIPLINARY APPLICATIONS",SCIE,"9,760",18.8,Q1,3.62,20.52%,Unnamed: 12
ACCESS-Access to science business innovation in the digital economy,ACCESS-ACCESS SCI BU,Access Press Publishing House,,2683-1007,"COMPUTER SCIENCE, INTERDISCIPLINARY APPLICATIONS",ESCI,77,0.8,Q4,0.23,96.05%,
ACM Journal on Computing and Cultural Heritage,ACM J COMPUT CULT HE,ASSOC COMPUTING MACHINERY,1556-4673,1556-4711,"COMPUTER SCIENCE, INTERDISCIPLINARY APPLICATIONS",SCIE,946,2.1,Q3,3.07,4.98%,
ACM SIGecom Exchanges,ACM SIGECOM EXCH,ASSOC COMPUTING MACHINERY,1551-9031,1551-9031,"COMPUTER SCIENCE, INTERDISCIPLINARY APPLICATIONS",ESCI,107,0.6,Q4,0.13,0%,
ACM Transactions on Accessible Computing,ACM T ACCESS COMPUT,ASSOC COMPUTING MACHINERY,1936-7228,1936-7236,"COMPUTER SCIENCE, INTERDISCIPLINARY APPLICATIONS",ESCI,599,2.5,Q3,0.52,4.94%,
ACM Transactions on Cyber-Physical Systems,ACM TRANS CYBER-PHYS,ASSOC COMPUTING MACHINERY,2378-962X,2378-9638,"COMPUTER SCIENCE, INTERDISCIPLINARY APPLICATIONS",ESCI,528,2,Q3,0.47,3.85%,
ACM Transactions on Economics and Computation,ACM T ECON COMPUT,ASSOC COMPUTING MACHINERY,2167-8375,2167-8383,"COMPUTER SCIENCE, INTERDISCIPLINARY APPLICATIONS",ESCI,279,1.1,Q4,0.21,2.08%,
ACM Transactions on Modeling and Computer Simulation,ACM T MODEL COMPUT S,ASSOC COMPUTING MACHINERY,1049-3301,1558-1195,"COMPUTER SCIENCE, INTERDISCIPLINARY APPLICATIONS",SCIE,642,0.7,Q4,0.39,1.49%,
ADVANCES IN ENGINEERING SOFTWARE,ADV ENG SOFTW,ELSEVIER SCI LTD,0965-9978,1873-5339,"COMPUTER SCIENCE, INTERDISCIPLINARY APPLICATIONS",SCIE,"11,210",4,Q2,1.18,13.76%,
AI,AI-BASEL,MDPI,,2673-2688,"COMPUTER SCIENCE, INTERDISCIPLINARY APPLICATIONS",ESCI,510,3.1,Q2,0.6,99.34%,
AI EDAM-ARTIFICIAL INTELLIGENCE FOR ENGINEERING DESIGN ANALYSIS AND MANUFACTURING,AI EDAM,CAMBRIDGE UNIV PRESS,0890-0604,1469-1760,"COMPUTER SCIENCE, INTERDISCIPLINARY APPLICATIONS",SCIE,786,1.7,Q3,0.37,31.4%,
APPLICABLE ALGEBRA IN ENGINEERING COMMUNICATION AND COMPUTING,APPL ALGEBR ENG COMM,SPRINGER,0938-1279,1432-0622,"COMPUTER SCIENCE, INTERDISCIPLINARY APPLICATIONS",SCIE,555,0.6,Q4,0.19,14.37%,
APPLIED SOFT COMPUTING,APPL SOFT COMPUT,ELSEVIER,1568-4946,1872-9681,"COMPUTER SCIENCE, INTERDISCIPLINARY APPLICATIONS",SCIE,"45,090",7.2,Q1,1.5,7.05%,
ARCHIVES OF COMPUTATIONAL METHODS IN ENGINEERING,ARCH COMPUT METHOD E,SPRINGER,1134-3060,1886-1784,"COMPUTER SCIENCE, INTERDISCIPLINARY APPLICATIONS",SCIE,"8,304",9.7,Q1,1.27,15.15%,
Acta Informatica Pragensia,ACTA INFORM PRAG,"UNIV ECONOMICS, PRAGUE",,1805-4951,"COMPUTER SCIENCE, INTERDISCIPLINARY APPLICATIONS",ESCI,55,0.8,Q4,0.29,98.59%,
Applied Computing and Geosciences,APPL COMPUT GEOSCI,ELSEVIER,2590-1974,2590-1974,"COMPUTER SCIENCE, INTERDISCIPLINARY APPLICATIONS",ESCI,198,2.6,Q2,0.58,88.89%,
Artificial Intelligence and Law,ARTIF INTELL LAW,SPRINGER,0924-8463,1572-8382,"COMPUTER SCIENCE, INTERDISCIPLINARY APPLICATIONS",SCIE,799,3.1,Q2,1.67,40.82%,
Astronomy and Computing,ASTRON COMPUT,ELSEVIER,2213-1337,2213-1345,"COMPUTER SCIENCE, INTERDISCIPLINARY APPLICATIONS",SCIE,"1,159",1.9,Q3,0.49,31.88%,
Big Data,BIG DATA-US,"MARY ANN LIEBERT, INC",2167-6461,2167-647X,"COMPUTER SCIENCE, INTERDISCIPLINARY APPLICATIONS",SCIE,"1,260",2.6,Q2,0.81,8.03%,
Blockchain-Research and Applications,BLOCKCHAIN-RES APPL,ELSEVIER,2096-7209,2096-7209,"COMPUTER SCIENCE, INTERDISCIPLINARY APPLICATIONS",ESCI,483,6.9,Q1,1.64,96.04%,
By exporting the selected data; you agree to the data usage policy set forth in the Terms of Use ,,,,,,,,,,,,
CCF Transactions on High Performance Computing,CCF T HIGH PERFORM C,SPRINGERNATURE,2524-4922,2524-4930,"COMPUTER SCIENCE, INTERDISCIPLINARY APPLICATIONS",ESCI,153,1.3,Q4,0.26,4.63%,
CCF Transactions on Pervasive Computing and Interaction,CCF T PERVAS COMPUT,SPRINGERNATURE,2524-521X,2524-5228,"COMPUTER SCIENCE, INTERDISCIPLINARY APPLICATIONS",ESCI,266,2.2,Q3,0.39,11.9%,
CIN-COMPUTERS INFORMATICS NURSING,CIN-COMPUT INFORM NU,LIPPINCOTT WILLIAMS & WILKINS,1538-2931,1538-9774,"COMPUTER SCIENCE, INTERDISCIPLINARY APPLICATIONS",SCIE,"1,612",1.3,Q4,0.43,9.42%,
COMPEL-THE INTERNATIONAL JOURNAL FOR COMPUTATION AND MATHEMATICS IN ELECTRICAL AND ELECTRONIC ENGINEERING,COMPEL,EMERALD GROUP PUBLISHING LTD,0332-1649,0332-1649,"COMPUTER SCIENCE, INTERDISCIPLINARY APPLICATIONS",SCIE,954,1,Q4,0.28,7.12%,
COMPUTATIONAL BIOLOGY AND CHEMISTRY,COMPUT BIOL CHEM,ELSEVIER SCI LTD,1476-9271,1476-928X,"COMPUTER SCIENCE, INTERDISCIPLINARY APPLICATIONS",SCIE,"3,418",2.6,Q2,0.69,6.84%,
COMPUTATIONAL GEOSCIENCES,COMPUTAT GEOSCI,SPRINGER,1420-0597,1573-1499,"COMPUTER SCIENCE, INTERDISCIPLINARY APPLICATIONS",SCIE,"2,630",2.1,Q3,0.83,31.76%,
COMPUTATIONAL LINGUISTICS,COMPUT LINGUIST,MIT PRESS,0891-2017,1530-9312,"COMPUTER SCIENCE, INTERDISCIPLINARY APPLICATIONS",SCIE,"2,329",3.7,Q2,3.12,98.8%,
COMPUTATIONAL STATISTICS & DATA ANALYSIS,COMPUT STAT DATA AN,ELSEVIER,0167-9473,1872-7352,"COMPUTER SCIENCE, INTERDISCIPLINARY APPLICATIONS",SCIE,"9,795",1.5,Q3,0.63,25.33%,
COMPUTER APPLICATIONS IN ENGINEERING EDUCATION,COMPUT APPL ENG EDUC,WILEY,1061-3773,1099-0542,"COMPUTER SCIENCE, INTERDISCIPLINARY APPLICATIONS",SCIE,"1,947",2,Q3,0.71,16.61%,
COMPUTER METHODS IN BIOMECHANICS AND BIOMEDICAL ENGINEERING,COMPUT METHOD BIOMEC,TAYLOR & FRANCIS LTD,1025-5842,1476-8259,"COMPUTER SCIENCE, INTERDISCIPLINARY APPLICATIONS",SCIE,"4,023",1.7,Q3,0.35,7.69%,
COMPUTER MUSIC JOURNAL,COMPUT MUSIC J,MIT PRESS,0148-9267,1531-5169,"COMPUTER SCIENCE, INTERDISCIPLINARY APPLICATIONS",SCIE,409,0.4,Q4,0.26,3.57%,
COMPUTER PHYSICS COMMUNICATIONS,COMPUT PHYS COMMUN,ELSEVIER,0010-4655,1879-2944,"COMPUTER SCIENCE, INTERDISCIPLINARY APPLICATIONS",SCIE,"31,337",7.2,Q1,1.75,36.44%,
COMPUTER-AIDED CIVIL AND INFRASTRUCTURE ENGINEERING,COMPUT-AIDED CIV INF,WILEY,1093-9687,1467-8667,"COMPUTER SCIENCE, INTERDISCIPLINARY APPLICATIONS",SCIE,"8,708",8.5,Q1,1.77,26.32%,
COMPUTERS & CHEMICAL ENGINEERING,COMPUT CHEM ENG,PERGAMON-ELSEVIER SCIENCE LTD,0098-1354,1873-4375,"COMPUTER SCIENCE, INTERDISCIPLINARY APPLICATIONS",SCIE,"15,589",3.9,Q2,0.73,22.8%,
COMPUTERS & EDUCATION,COMPUT EDUC,PERGAMON-ELSEVIER SCIENCE LTD,0360-1315,1873-782X,"COMPUTER SCIENCE, INTERDISCIPLINARY APPLICATIONS",SCIE,"26,477",8.9,Q1,3.69,27.55%,
COMPUTERS & ELECTRICAL ENGINEERING,COMPUT ELECTR ENG,PERGAMON-ELSEVIER SCIENCE LTD,0045-7906,1879-0755,"COMPUTER SCIENCE, INTERDISCIPLINARY APPLICATIONS",SCIE,"11,137",4,Q2,1.02,4.61%,
COMPUTERS & FLUIDS,COMPUT FLUIDS,PERGAMON-ELSEVIER SCIENCE LTD,0045-7930,1879-0747,"COMPUTER SCIENCE, INTERDISCIPLINARY APPLICATIONS",SCIE,"12,022",2.5,Q3,0.58,24.51%,
COMPUTERS & GEOSCIENCES,COMPUT GEOSCI-UK,PERGAMON-ELSEVIER SCIENCE LTD,0098-3004,1873-7803,"COMPUTER SCIENCE, INTERDISCIPLINARY APPLICATIONS",SCIE,"14,689",4.2,Q1,0.83,25.49%,
COMPUTERS & OPERATIONS RESEARCH,COMPUT OPER RES,PERGAMON-ELSEVIER SCIENCE LTD,0305-0548,1873-765X,"COMPUTER SCIENCE, INTERDISCIPLINARY APPLICATIONS",SCIE,"16,520",4.1,Q2,0.83,22.84%,
COMPUTERS & STRUCTURES,COMPUT STRUCT,PERGAMON-ELSEVIER SCIENCE LTD,0045-7949,1879-2243,"COMPUTER SCIENCE, INTERDISCIPLINARY APPLICATIONS",SCIE,"16,036",4.4,Q1,1.01,21.34%,
COMPUTERS AND ELECTRONICS IN AGRICULTURE,COMPUT ELECTRON AGR,ELSEVIER SCI LTD,0168-1699,1872-7107,"COMPUTER SCIENCE, INTERDISCIPLINARY APPLICATIONS",SCIE,"37,392",7.7,Q1,2.07,16.52%,
COMPUTERS AND GEOTECHNICS,COMPUT GEOTECH,ELSEVIER SCI LTD,0266-352X,1873-7633,"COMPUTER SCIENCE, INTERDISCIPLINARY APPLICATIONS",SCIE,"22,614",5.3,Q1,1.34,10.91%,
COMPUTERS IN BIOLOGY AND MEDICINE,COMPUT BIOL MED,PERGAMON-ELSEVIER SCIENCE LTD,0010-4825,1879-0534,"COMPUTER SCIENCE, INTERDISCIPLINARY APPLICATIONS",SCIE,"26,685",7,Q1,1.8,19.9%,
COMPUTERS IN INDUSTRY,COMPUT IND,ELSEVIER,0166-3615,1872-6194,"COMPUTER SCIENCE, INTERDISCIPLINARY APPLICATIONS",SCIE,"9,349",8.2,Q1,1.66,35.91%,
COMPUTING IN SCIENCE & ENGINEERING,COMPUT SCI ENG,IEEE COMPUTER SOC,1521-9615,1558-366X,"COMPUTER SCIENCE, INTERDISCIPLINARY APPLICATIONS",SCIE,"7,086",1.8,Q3,0.34,32.69%,
Computational Urban Science,COMPUT URBAN SCI,SPRINGERNATURE,,2730-6852,"COMPUTER SCIENCE, INTERDISCIPLINARY APPLICATIONS",ESCI,216,2.6,Q2,0.51,99.1%,
Computational and Mathematical Organization Theory,COMPUT MATH ORGAN TH,SPRINGER,1381-298X,1572-9346,"COMPUTER SCIENCE, INTERDISCIPLINARY APPLICATIONS",SCIE,514,1.8,Q3,0.5,23.73%,
Computer Methods and Programs in Biomedicine,COMPUT METH PROG BIO,ELSEVIER IRELAND LTD,0169-2607,1872-7565,"COMPUTER SCIENCE, INTERDISCIPLINARY APPLICATIONS",SCIE,"18,734",4.9,Q1,1.26,23.61%,
Computer Supported Cooperative Work-The Journal of Collaborative Computing and Work Practices,COMPUT SUPP COOP W J,SPRINGER,0925-9724,1573-7551,"COMPUTER SCIENCE, INTERDISCIPLINARY APPLICATIONS",SCIE,"1,089",2,Q3,0.4,65.48%,
Computers,COMPUTERS,MDPI,2073-431X,2073-431X,"COMPUTER SCIENCE, INTERDISCIPLINARY APPLICATIONS",ESCI,"1,878",2.6,Q2,0.56,99.84%,
Computers & Industrial Engineering,COMPUT IND ENG,PERGAMON-ELSEVIER SCIENCE LTD,0360-8352,1879-0550,"COMPUTER SCIENCE, INTERDISCIPLINARY APPLICATIONS",SCIE,"32,853",6.7,Q1,1.29,7.86%,
Computers and Concrete,COMPUT CONCRETE,TECHNO-PRESS,1598-8198,1598-818X,"COMPUTER SCIENCE, INTERDISCIPLINARY APPLICATIONS",SCIE,"2,215",2.9,Q2,1.09,0%,
Computers and Education Open,COMPUT EDUC OPEN,ELSEVIER,2666-5573,2666-5573,"COMPUTER SCIENCE, INTERDISCIPLINARY APPLICATIONS",ESCI,400,4.1,Q2,1.15,83.87%,
Copyright (c) 2024 Clarivate ,,,,,,,,,,,,
Current Computer-Aided Drug Design,CURR COMPUT-AID DRUG,BENTHAM SCIENCE PUBL LTD,1573-4099,1875-6697,"COMPUTER SCIENCE, INTERDISCIPLINARY APPLICATIONS",SCIE,"1,104",1.5,Q3,0.37,1.26%,
Cybersecurity,CYBERSECURITY,SPRINGERNATURE,2523-3246,2523-3246,"COMPUTER SCIENCE, INTERDISCIPLINARY APPLICATIONS",ESCI,668,3.9,Q2,0.84,100%,
Data-Centric Engineering,DATA-CENTRIC ENG,CAMBRIDGE UNIV PRESS,,2632-6736,"COMPUTER SCIENCE, INTERDISCIPLINARY APPLICATIONS",ESCI,216,2.4,Q3,0.64,100%,
Digital Discovery,DIGIT DISCOV,ROYAL SOC CHEMISTRY,,2635-098X,"COMPUTER SCIENCE, INTERDISCIPLINARY APPLICATIONS",ESCI,650,6.2,Q1,1.1,100%,
ENGINEERING COMPUTATIONS,ENG COMPUTATION,EMERALD GROUP PUBLISHING LTD,0264-4401,1758-7077,"COMPUTER SCIENCE, INTERDISCIPLINARY APPLICATIONS",SCIE,"2,729",1.5,Q3,1.53,0.86%,
ENVIRONMENTAL MODELLING & SOFTWARE,ENVIRON MODELL SOFTW,ELSEVIER SCI LTD,1364-8152,1873-6726,"COMPUTER SCIENCE, INTERDISCIPLINARY APPLICATIONS",SCIE,"17,357",4.8,Q1,0.91,47.15%,
ERCIM News,ERCIM NEWS,EUROPEAN RESEARCH CONSORTIUM INFORMATICS & MATHEMATICS,0926-4981,1564-0094,"COMPUTER SCIENCE, INTERDISCIPLINARY APPLICATIONS",ESCI,97,<0.1,Q4,0.02,0%,
Earth Science Informatics,EARTH SCI INFORM,SPRINGER HEIDELBERG,1865-0473,1865-0481,"COMPUTER SCIENCE, INTERDISCIPLINARY APPLICATIONS",SCIE,"2,321",2.7,Q2,0.63,5.69%,
Electronic Commerce Research and Applications,ELECTRON COMMER R A,ELSEVIER,1567-4223,1873-7846,"COMPUTER SCIENCE, INTERDISCIPLINARY APPLICATIONS",SCIE,"5,349",5.9,Q1,1.24,7.94%,
Engineering Reports,ENG REP,WILEY,,2577-8196,"COMPUTER SCIENCE, INTERDISCIPLINARY APPLICATIONS",ESCI,"1,101",1.8,Q3,0.38,89.96%,
Entertainment Computing,ENTERTAIN COMPUT,ELSEVIER SCI LTD,1875-9521,1875-953X,"COMPUTER SCIENCE, INTERDISCIPLINARY APPLICATIONS",SCIE,"1,016",2.8,Q2,0.52,21.74%,
Forensic Science International-Digital Investigation,FORENS SCI INT-DIGIT,ELSEVIER SCI LTD,,2666-2817,"COMPUTER SCIENCE, INTERDISCIPLINARY APPLICATIONS",SCIE,614,2,Q3,0.46,59.76%,
Foundations and Trends in Communications and Information Theory,FOUND TRENDS COMMUN,NOW PUBLISHERS INC,1567-2190,1567-2328,"COMPUTER SCIENCE, INTERDISCIPLINARY APPLICATIONS",ESCI,440,2,Q3,0.56,0%,
Foundations and Trends in Computer Graphics and Vision,FOUND TRENDS COMPUT,NOW PUBLISHERS INC,1572-2740,1572-2759,"COMPUTER SCIENCE, INTERDISCIPLINARY APPLICATIONS",ESCI,430,3.8,Q2,2.38,90%,
Frontiers in Big Data,FRONT BIG DATA,FRONTIERS MEDIA SA,,2624-909X,"COMPUTER SCIENCE, INTERDISCIPLINARY APPLICATIONS",ESCI,"1,128",2.4,Q3,0.51,99.71%,
Frontiers in Blockchain,FRONT BLOCKCHAIN,FRONTIERS MEDIA SA,2624-7852,2624-7852,"COMPUTER SCIENCE, INTERDISCIPLINARY APPLICATIONS",ESCI,463,1.9,Q3,0.51,100%,
Frontiers in Computer Science,FRONT COMP SCI-SWITZ,FRONTIERS MEDIA SA,,2624-9898,"COMPUTER SCIENCE, INTERDISCIPLINARY APPLICATIONS",ESCI,985,2.4,Q3,0.41,99.51%,
IADIS-International Journal on Computer Science and Information Systems,IADIS-INT J COMPUT S,IADIS,1646-3692,1646-3692,"COMPUTER SCIENCE, INTERDISCIPLINARY APPLICATIONS",ESCI,47,0.2,Q4,0.03,0%,
IEEE Journal of Biomedical and Health Informatics,IEEE J BIOMED HEALTH,IEEE-INST ELECTRICAL ELECTRONICS ENGINEERS INC,2168-2194,2168-2208,"COMPUTER SCIENCE, INTERDISCIPLINARY APPLICATIONS",SCIE,"16,954",6.7,Q1,1.96,14.17%,
IEEE Open Journal of the Computer Society,IEEE OPEN J COMP SOC,IEEE-INST ELECTRICAL ELECTRONICS ENGINEERS INC,,2644-1268,"COMPUTER SCIENCE, INTERDISCIPLINARY APPLICATIONS",ESCI,509,5.7,Q1,1.31,94.94%,
IEEE Revista Iberoamericana de Tecnologias del Aprendizaje-IEEE RITA,IEEE REV IBEROAM TEC,IEEE-INST ELECTRICAL ELECTRONICS ENGINEERS INC,,1932-8540,"COMPUTER SCIENCE, INTERDISCIPLINARY APPLICATIONS",ESCI,290,1,Q4,0.31,0%,
IEEE TRANSACTIONS ON COMPUTER-AIDED DESIGN OF INTEGRATED CIRCUITS AND SYSTEMS,IEEE T COMPUT AID D,IEEE-INST ELECTRICAL ELECTRONICS ENGINEERS INC,0278-0070,1937-4151,"COMPUTER SCIENCE, INTERDISCIPLINARY APPLICATIONS",SCIE,"8,761",2.7,Q2,0.66,8.71%,
IEEE TRANSACTIONS ON MEDICAL IMAGING,IEEE T MED IMAGING,IEEE-INST ELECTRICAL ELECTRONICS ENGINEERS INC,0278-0062,1558-254X,"COMPUTER SCIENCE, INTERDISCIPLINARY APPLICATIONS",SCIE,"33,906",8.9,Q1,2.3,15.79%,
IEEE Transactions on Industrial Informatics,IEEE T IND INFORM,IEEE-INST ELECTRICAL ELECTRONICS ENGINEERS INC,1551-3203,1941-0050,"COMPUTER SCIENCE, INTERDISCIPLINARY APPLICATIONS",SCIE,"52,567",11.7,Q1,2.58,4.76%,
IEEE Transactions on Learning Technologies,IEEE T LEARN TECHNOL,IEEE COMPUTER SOC,1939-1382,1939-1382,"COMPUTER SCIENCE, INTERDISCIPLINARY APPLICATIONS",SCIE,"1,860",2.9,Q2,1.09,15.31%,
IEEE-ACM Transactions on Computational Biology and Bioinformatics,IEEE ACM T COMPUT BI,IEEE COMPUTER SOC,1545-5963,1557-9964,"COMPUTER SCIENCE, INTERDISCIPLINARY APPLICATIONS",SCIE,"5,969",3.6,Q2,1.63,28.01%,
IET Cyber-Physical Systems: Theory & Applications,IET CYBER PHYS SYST,WILEY,,2398-3396,"COMPUTER SCIENCE, INTERDISCIPLINARY APPLICATIONS",ESCI,393,1.7,Q3,0.36,84.81%,
INDUSTRIAL MANAGEMENT & DATA SYSTEMS,IND MANAGE DATA SYST,EMERALD GROUP PUBLISHING LTD,0263-5577,1758-5783,"COMPUTER SCIENCE, INTERDISCIPLINARY APPLICATIONS",SCIE,"7,848",4.2,Q1,0.86,3.44%,
INFORMS JOURNAL ON COMPUTING,INFORMS J COMPUT,INFORMS,1091-9856,1526-5528,"COMPUTER SCIENCE, INTERDISCIPLINARY APPLICATIONS",SCIE,"3,001",2.3,Q3,0.47,0%,
INTEGRATED COMPUTER-AIDED ENGINEERING,INTEGR COMPUT-AID E,IOS PRESS,1069-2509,1875-8835,"COMPUTER SCIENCE, INTERDISCIPLINARY APPLICATIONS",SCIE,747,5.8,Q1,1.47,20.83%,
INTERNATIONAL JOURNAL FOR NUMERICAL METHODS IN FLUIDS,INT J NUMER METH FL,WILEY,0271-2091,1097-0363,"COMPUTER SCIENCE, INTERDISCIPLINARY APPLICATIONS",SCIE,"6,819",1.7,Q3,0.48,19.7%,
INTERNATIONAL JOURNAL OF COMPUTER APPLICATIONS IN TECHNOLOGY,INT J COMPUT APPL T,INDERSCIENCE ENTERPRISES LTD,0952-8091,1741-5047,"COMPUTER SCIENCE, INTERDISCIPLINARY APPLICATIONS",ESCI,675,1.2,Q4,0.2,0%,
INTERNATIONAL JOURNAL OF COMPUTER INTEGRATED MANUFACTURING,INT J COMPUT INTEG M,TAYLOR & FRANCIS LTD,0951-192X,1362-3052,"COMPUTER SCIENCE, INTERDISCIPLINARY APPLICATIONS",SCIE,"2,978",3.7,Q2,0.67,16.23%,
INTERNATIONAL JOURNAL OF HIGH PERFORMANCE COMPUTING APPLICATIONS,INT J HIGH PERFORM C,SAGE PUBLICATIONS LTD,1094-3420,1741-2846,"COMPUTER SCIENCE, INTERDISCIPLINARY APPLICATIONS",SCIE,"1,118",3.5,Q2,0.67,16.51%,
INTERNATIONAL JOURNAL OF INFORMATION TECHNOLOGY & DECISION MAKING,INT J INF TECH DECIS,WORLD SCIENTIFIC PUBL CO PTE LTD,0219-6220,1793-6845,"COMPUTER SCIENCE, INTERDISCIPLINARY APPLICATIONS",SCIE,"1,653",2.5,Q3,0.67,1.09%,
INTERNATIONAL JOURNAL OF MODERN PHYSICS C,INT J MOD PHYS C,WORLD SCIENTIFIC PUBL CO PTE LTD,0129-1831,1793-6586,"COMPUTER SCIENCE, INTERDISCIPLINARY APPLICATIONS",SCIE,"2,511",1.5,Q3,0.49,0.34%,
INTERNATIONAL JOURNAL OF RF AND MICROWAVE COMPUTER-AIDED ENGINEERING,INT J RF MICROW C E,WILEY,1096-4290,1099-047X,"COMPUTER SCIENCE, INTERDISCIPLINARY APPLICATIONS",SCIE,"3,050",0.9,Q4,0.26,80.42%,
Informatics-Basel,INFORMATICS-BASEL,MDPI,,2227-9709,"COMPUTER SCIENCE, INTERDISCIPLINARY APPLICATIONS",ESCI,"1,149",3.4,Q2,0.59,100%,
Information Processing in Agriculture,INFORM PROCESS AGR,ELSEVIER,2214-3173,2214-3173,"COMPUTER SCIENCE, INTERDISCIPLINARY APPLICATIONS",ESCI,"2,573",7.7,Q1,2.03,96.3%,
Intelligent Medicine,INTEL MED,ELSEVIER,2667-1026,2667-1026,"COMPUTER SCIENCE, INTERDISCIPLINARY APPLICATIONS",ESCI,256,4.4,Q1,0.6,100%,
International Journal of Agricultural and Environmental Information Systems,INT J AGRIC ENVIRON,IGI GLOBAL,1947-3192,1947-3206,"COMPUTER SCIENCE, INTERDISCIPLINARY APPLICATIONS",ESCI,132,1.3,Q4,0.26,93.94%,
International Journal of Artificial Intelligence in Education,INT J ARTIF INTELL E,SPRINGER,1560-4292,1560-4306,"COMPUTER SCIENCE, INTERDISCIPLINARY APPLICATIONS",ESCI,"1,776",4.7,Q1,0.72,39.67%,
International Journal of Arts and Technology,INT J ARTS TECHNOL,INDERSCIENCE ENTERPRISES LTD,1754-8853,1754-8861,"COMPUTER SCIENCE, INTERDISCIPLINARY APPLICATIONS",ESCI,96,0.2,Q4,0.07,0%,
International Journal of Computational Intelligence Systems,INT J COMPUT INT SYS,SPRINGERNATURE,1875-6891,1875-6883,"COMPUTER SCIENCE, INTERDISCIPLINARY APPLICATIONS",SCIE,"2,519",2.5,Q3,0.52,97.04%,
International Journal of Computational Science and Engineering,INT J COMPUT SCI ENG,INDERSCIENCE ENTERPRISES LTD,1742-7185,1742-7193,"COMPUTER SCIENCE, INTERDISCIPLINARY APPLICATIONS",ESCI,"1,310",1.4,Q4,0.26,0%,
International Journal of Digital Crime and Forensics,INT J DIGIT CRIME FO,IGI GLOBAL,1941-6210,1941-6229,"COMPUTER SCIENCE, INTERDISCIPLINARY APPLICATIONS",ESCI,141,0.6,Q4,0.12,97.33%,
International Journal of Gaming and Computer-Mediated Simulations,INT J GAMING COMPUT-,IGI GLOBAL,1942-3888,1942-3896,"COMPUTER SCIENCE, INTERDISCIPLINARY APPLICATIONS",ESCI,340,0.7,Q4,0.23,93.55%,
International Journal of Information and Learning Technology,INT J INF LEARN TECH,EMERALD GROUP PUBLISHING LTD,2056-4880,2056-4880,"COMPUTER SCIENCE, INTERDISCIPLINARY APPLICATIONS",ESCI,602,2.4,Q3,0.49,16.67%,
International Journal of Intelligent Engineering Informatics,INT J INTELL ENG INF,INDERSCIENCE ENTERPRISES LTD,1758-8715,1758-8723,"COMPUTER SCIENCE, INTERDISCIPLINARY APPLICATIONS",ESCI,202,1.6,Q3,0.34,0%,
International Journal of Interactive Multimedia and Artificial Intelligence,INT J INTERACT MULTI,UNIV INT RIOJA-UNIR,1989-1660,1989-1660,"COMPUTER SCIENCE, INTERDISCIPLINARY APPLICATIONS",SCIE,"1,342",3.4,Q2,0.71,100%,
International Journal of Mobile Learning and Organisation,INT J MOB LEARN ORG,INDERSCIENCE ENTERPRISES LTD,1746-725X,1746-7268,"COMPUTER SCIENCE, INTERDISCIPLINARY APPLICATIONS",ESCI,338,1.2,Q4,0.62,1.35%,
International Journal of Online and Biomedical Engineering,INT J ONLINE BIOMED,Int Federation Engineering Education Societies-IFEES,,2626-8493,"COMPUTER SCIENCE, INTERDISCIPLINARY APPLICATIONS",ESCI,874,1.7,Q3,0.3,97.6%,
International Journal of Pervasive Computing and Communications,INT J PERVASIVE COMP,EMERALD GROUP PUBLISHING LTD,1742-7371,1742-738X,"COMPUTER SCIENCE, INTERDISCIPLINARY APPLICATIONS",ESCI,312,0.6,Q4,0.32,0.79%,
International Journal of Sustainable Agricultural Management and Informatics,INT J SUST AGR MANAG,INDERSCIENCE ENTERPRISES LTD,2054-5819,2054-5827,"COMPUTER SCIENCE, INTERDISCIPLINARY APPLICATIONS",ESCI,140,1.2,Q4,0.26,0%,
International Journal on Artificial Intelligence Tools,INT J ARTIF INTELL T,WORLD SCIENTIFIC PUBL CO PTE LTD,0218-2130,1793-6349,"COMPUTER SCIENCE, INTERDISCIPLINARY APPLICATIONS",SCIE,722,1,Q4,0.18,3.66%,
JOURNAL OF BIOMEDICAL INFORMATICS,J BIOMED INFORM,ACADEMIC PRESS INC ELSEVIER SCIENCE,1532-0464,1532-0480,"COMPUTER SCIENCE, INTERDISCIPLINARY APPLICATIONS",SCIE,"17,121",4,Q2,0.89,73.89%,
JOURNAL OF COMBINATORIAL OPTIMIZATION,J COMB OPTIM,SPRINGER,1382-6905,1573-2886,"COMPUTER SCIENCE, INTERDISCIPLINARY APPLICATIONS",SCIE,"1,602",0.9,Q4,0.32,6.85%,
JOURNAL OF COMPUTATIONAL BIOLOGY,J COMPUT BIOL,"MARY ANN LIEBERT, INC",1066-5277,1557-8666,"COMPUTER SCIENCE, INTERDISCIPLINARY APPLICATIONS",SCIE,"5,105",1.4,Q4,0.49,10%,
JOURNAL OF COMPUTATIONAL PHYSICS,J COMPUT PHYS,ACADEMIC PRESS INC ELSEVIER SCIENCE,0021-9991,1090-2716,"COMPUTER SCIENCE, INTERDISCIPLINARY APPLICATIONS",SCIE,"65,817",3.8,Q2,1.12,40.78%,
JOURNAL OF COMPUTER-AIDED MOLECULAR DESIGN,J COMPUT AID MOL DES,SPRINGER,0920-654X,1573-4951,"COMPUTER SCIENCE, INTERDISCIPLINARY APPLICATIONS",SCIE,"5,615",3,Q2,0.81,33.72%,
JOURNAL OF COMPUTING AND INFORMATION SCIENCE IN ENGINEERING,J COMPUT INF SCI ENG,ASME,1530-9827,1944-7078,"COMPUTER SCIENCE, INTERDISCIPLINARY APPLICATIONS",SCIE,"1,585",2.6,Q2,0.55,0.74%,
JOURNAL OF COMPUTING IN CIVIL ENGINEERING,J COMPUT CIVIL ENG,ASCE-AMER SOC CIVIL ENGINEERS,0887-3801,1943-5487,"COMPUTER SCIENCE, INTERDISCIPLINARY APPLICATIONS",SCIE,"5,009",4.7,Q1,1.15,3.57%,
JOURNAL OF HYDROINFORMATICS,J HYDROINFORM,IWA PUBLISHING,1464-7141,1465-1734,"COMPUTER SCIENCE, INTERDISCIPLINARY APPLICATIONS",SCIE,"2,469",2.2,Q3,0.59,96.54%,
JOURNAL OF MOLECULAR GRAPHICS & MODELLING,J MOL GRAPH MODEL,ELSEVIER SCIENCE INC,1093-3263,1873-4243,"COMPUTER SCIENCE, INTERDISCIPLINARY APPLICATIONS",SCIE,"12,044",2.7,Q2,0.87,5.64%,
JOURNAL OF MOLECULAR MODELING,J MOL MODEL,SPRINGER,1610-2940,0948-5023,"COMPUTER SCIENCE, INTERDISCIPLINARY APPLICATIONS",SCIE,"8,478",2.1,Q3,0.46,3.88%,
JOURNAL OF NETWORK AND COMPUTER APPLICATIONS,J NETW COMPUT APPL,ACADEMIC PRESS LTD- ELSEVIER SCIENCE LTD,1084-8045,1095-8592,"COMPUTER SCIENCE, INTERDISCIPLINARY APPLICATIONS",SCIE,"10,327",7.7,Q1,1.56,14.43%,
JOURNAL OF NEW MUSIC RESEARCH,J NEW MUSIC RES,"ROUTLEDGE JOURNALS, TAYLOR & FRANCIS LTD",0929-8215,1744-5027,"COMPUTER SCIENCE, INTERDISCIPLINARY APPLICATIONS",SCIE,612,1.1,Q4,1.24,40.74%,
JOURNAL OF ORGANIZATIONAL COMPUTING AND ELECTRONIC COMMERCE,J ORG COMP ELECT COM,TAYLOR & FRANCIS INC,1091-9392,1532-7744,"COMPUTER SCIENCE, INTERDISCIPLINARY APPLICATIONS",SCIE,602,2,Q3,0.55,0%,
JOURNAL OF STATISTICAL COMPUTATION AND SIMULATION,J STAT COMPUT SIM,TAYLOR & FRANCIS LTD,0094-9655,1563-5163,"COMPUTER SCIENCE, INTERDISCIPLINARY APPLICATIONS",SCIE,"3,772",1.1,Q4,0.39,5.53%,
JOURNAL OF THE AMERICAN MEDICAL INFORMATICS ASSOCIATION,J AM MED INFORM ASSN,OXFORD UNIV PRESS,1067-5027,1527-974X,"COMPUTER SCIENCE, INTERDISCIPLINARY APPLICATIONS",SCIE,"14,738",4.7,Q1,1.48,32.94%,
JOURNAL OF VISUALIZATION,J VISUAL-JAPAN,SPRINGER,1343-8875,1875-8975,"COMPUTER SCIENCE, INTERDISCIPLINARY APPLICATIONS",SCIE,"1,537",1.7,Q3,0.27,15%,
Journal of Advances in Information Technology,J ADV INFORM TECHNOL,ENGINEERING & TECHNOLOGY PUBLISHING,1798-2340,1798-2340,"COMPUTER SCIENCE, INTERDISCIPLINARY APPLICATIONS",ESCI,269,0.9,Q4,0.24,94.98%,
Journal of Algorithms & Computational Technology,J ALGORITHMS COMPUT,SAGE PUBLICATIONS LTD,1748-3018,1748-3026,"COMPUTER SCIENCE, INTERDISCIPLINARY APPLICATIONS",ESCI,298,0.8,Q4,0.14,98.28%,
Journal of Chemical Information and Modeling,J CHEM INF MODEL,AMER CHEMICAL SOC,1549-9596,1549-960X,"COMPUTER SCIENCE, INTERDISCIPLINARY APPLICATIONS",SCIE,"33,490",5.6,Q1,1.31,17.52%,
Journal of Cheminformatics,J CHEMINFORMATICS,BMC,1758-2946,1758-2946,"COMPUTER SCIENCE, INTERDISCIPLINARY APPLICATIONS",SCIE,"9,430",7.1,Q1,1.54,100%,
Journal of Computational Design and Engineering,J COMPUT DES ENG,OXFORD UNIV PRESS,,2288-5048,"COMPUTER SCIENCE, INTERDISCIPLINARY APPLICATIONS",SCIE,"2,494",4.8,Q1,1.41,93.42%,
Journal of Computational Science,J COMPUT SCI-NETH,ELSEVIER,1877-7503,1877-7511,"COMPUTER SCIENCE, INTERDISCIPLINARY APPLICATIONS",SCIE,"4,457",3.1,Q2,0.84,23.72%,
Journal of Industrial Information Integration,J IND INF INTEGR,ELSEVIER,2467-964X,2452-414X,"COMPUTER SCIENCE, INTERDISCIPLINARY APPLICATIONS",SCIE,"2,955",10.4,Q1,2.36,20.45%,
Journal of Information Technology Research,J INF TECHNOL RES,IGI GLOBAL,1938-7857,1938-7865,"COMPUTER SCIENCE, INTERDISCIPLINARY APPLICATIONS",ESCI,141,0.3,Q4,0.11,59.35%,
Journal of Information and Organizational Sciences,J INF ORGAN SCI,"UNIV ZAGREB, FAC ORGANIZATION & INFORMATICS",1846-3312,1846-9418,"COMPUTER SCIENCE, INTERDISCIPLINARY APPLICATIONS",ESCI,109,0.3,Q4,0.09,92.68%,
Journal of Informetrics,J INFORMETR,ELSEVIER,1751-1577,1875-5879,"COMPUTER SCIENCE, INTERDISCIPLINARY APPLICATIONS",SCIE,"6,661",3.4,Q2,0.89,17.27%,
Journal of Simulation,J SIMUL,TAYLOR & FRANCIS LTD,1747-7778,1747-7786,"COMPUTER SCIENCE, INTERDISCIPLINARY APPLICATIONS",SCIE,728,1.3,Q4,0.45,19.35%,
Journal of Statistical Software,J STAT SOFTW,JOURNAL STATISTICAL SOFTWARE,1548-7660,1548-7660,"COMPUTER SCIENCE, INTERDISCIPLINARY APPLICATIONS",SCIE,"42,696",5.4,Q1,1.79,92.52%,
Language Resources and Evaluation,LANG RESOUR EVAL,SPRINGER,1574-020X,1574-0218,"COMPUTER SCIENCE, INTERDISCIPLINARY APPLICATIONS",SCIE,"1,186",1.7,Q3,0.42,50.57%,
MATCH-COMMUNICATIONS IN MATHEMATICAL AND IN COMPUTER CHEMISTRY,MATCH-COMMUN MATH CO,"UNIV KRAGUJEVAC, FAC SCIENCE",0340-6253,,"COMPUTER SCIENCE, INTERDISCIPLINARY APPLICATIONS",SCIE,"2,387",2.9,Q2,0.78,0%,
MATHEMATICAL AND COMPUTER MODELLING OF DYNAMICAL SYSTEMS,MATH COMP MODEL DYN,TAYLOR & FRANCIS INC,1387-3954,1744-5051,"COMPUTER SCIENCE, INTERDISCIPLINARY APPLICATIONS",SCIE,520,1.8,Q3,0.62,100%,
MATHEMATICS AND COMPUTERS IN SIMULATION,MATH COMPUT SIMULAT,ELSEVIER,0378-4754,1872-7166,"COMPUTER SCIENCE, INTERDISCIPLINARY APPLICATIONS",SCIE,"8,751",4.4,Q1,1.76,7.21%,
MEDICAL & BIOLOGICAL ENGINEERING & COMPUTING,MED BIOL ENG COMPUT,SPRINGER HEIDELBERG,0140-0118,1741-0444,"COMPUTER SCIENCE, INTERDISCIPLINARY APPLICATIONS",SCIE,"7,397",2.6,Q2,0.65,11.47%,
MEDICAL IMAGE ANALYSIS,MED IMAGE ANAL,ELSEVIER,1361-8415,1361-8423,"COMPUTER SCIENCE, INTERDISCIPLINARY APPLICATIONS",SCIE,"20,810",10.7,Q1,2.43,36.77%,
Machine Learning and Knowledge Extraction,MACH LEARN KNOW EXTR,MDPI,,2504-4990,"COMPUTER SCIENCE, INTERDISCIPLINARY APPLICATIONS",ESCI,871,4,Q2,0.72,100%,
Machine Learning-Science and Technology,MACH LEARN-SCI TECHN,IOP Publishing Ltd,,2632-2153,"COMPUTER SCIENCE, INTERDISCIPLINARY APPLICATIONS",SCIE,"2,161",6.3,Q1,1.16,99.53%,
Molecular Informatics,MOL INFORM,WILEY-V C H VERLAG GMBH,1868-1743,1868-1751,"COMPUTER SCIENCE, INTERDISCIPLINARY APPLICATIONS",SCIE,"1,960",2.8,Q2,0.89,19.71%,
NEUROINFORMATICS,NEUROINFORMATICS,HUMANA PRESS INC,1539-2791,1559-0089,"COMPUTER SCIENCE, INTERDISCIPLINARY APPLICATIONS",SCIE,"2,099",2.7,Q2,0.69,43.18%,
Nature Computational Science,NAT COMPUT SCI,SPRINGERNATURE,,2662-8457,"COMPUTER SCIENCE, INTERDISCIPLINARY APPLICATIONS",ESCI,"1,941",12,Q1,2.72,24.88%,
PATTERN RECOGNITION AND IMAGE ANALYSIS,PATTERN RECOGN IMAGE,SPRINGERNATURE,1054-6618,1555-6212,"COMPUTER SCIENCE, INTERDISCIPLINARY APPLICATIONS",ESCI,546,0.7,Q4,0.16,0.35%,
Parallel Processing Letters,PARALLEL PROCESS LET,WORLD SCIENTIFIC PUBL CO PTE LTD,0129-6264,1793-642X,"COMPUTER SCIENCE, INTERDISCIPLINARY APPLICATIONS",ESCI,181,0.5,Q4,0.09,1.59%,
Patterns,PATTERNS,CELL PRESS,2666-3899,2666-3899,"COMPUTER SCIENCE, INTERDISCIPLINARY APPLICATIONS",ESCI,"2,422",6.7,Q1,1.16,94.35%,
QUEUEING SYSTEMS,QUEUEING SYST,SPRINGER,0257-0130,1572-9443,"COMPUTER SCIENCE, INTERDISCIPLINARY APPLICATIONS",SCIE,"1,126",0.7,Q4,0.17,15.03%,
Qwerty,QWERTY,PROGEDIT,1828-7344,2240-2950,"COMPUTER SCIENCE, INTERDISCIPLINARY APPLICATIONS",ESCI,61,0.4,Q4,0.17,94.29%,
R Journal,R J,R FOUNDATION STATISTICAL COMPUTING,2073-4859,,"COMPUTER SCIENCE, INTERDISCIPLINARY APPLICATIONS",SCIE,"5,890",2.3,Q3,0.52,2.83%,
ROBOTICS AND COMPUTER-INTEGRATED MANUFACTURING,ROBOT CIM-INT MANUF,PERGAMON-ELSEVIER SCIENCE LTD,0736-5845,1879-2537,"COMPUTER SCIENCE, INTERDISCIPLINARY APPLICATIONS",SCIE,"10,509",9.1,Q1,2.07,15.18%,
Revista Brasileira de Computacao Aplicada,REV BRAS COMPUT APL,UNIV PASSO FUNDO,2176-6649,2176-6649,"COMPUTER SCIENCE, INTERDISCIPLINARY APPLICATIONS",ESCI,44,0.2,Q4,0.03,96.2%,
Romanian Journal of Information Technology and Automatic Control-Revista Romana de Informatica si Automatica,ROM J INF TECH AUT C,INST NATL CERCETARE-DEZVOLTARE INFORMATICA-ICI,1220-1758,1841-4303,"COMPUTER SCIENCE, INTERDISCIPLINARY APPLICATIONS",ESCI,78,0.5,Q4,0.1,99.15%,
SAR AND QSAR IN ENVIRONMENTAL RESEARCH,SAR QSAR ENVIRON RES,TAYLOR & FRANCIS LTD,1062-936X,1029-046X,"COMPUTER SCIENCE, INTERDISCIPLINARY APPLICATIONS",SCIE,"1,410",2.3,Q3,0.66,4.83%,
SCIENTOMETRICS,SCIENTOMETRICS,SPRINGER,0138-9130,1588-2861,"COMPUTER SCIENCE, INTERDISCIPLINARY APPLICATIONS",SCIE,"20,397",3.5,Q2,0.87,30.9%,
SIMULATION MODELLING PRACTICE AND THEORY,SIMUL MODEL PRACT TH,ELSEVIER,1569-190X,1878-1462,"COMPUTER SCIENCE, INTERDISCIPLINARY APPLICATIONS",SCIE,"4,045",3.5,Q2,1.02,11.59%,
SIMULATION-TRANSACTIONS OF THE SOCIETY FOR MODELING AND SIMULATION INTERNATIONAL,SIMUL-T SOC MOD SIM,SAGE PUBLICATIONS LTD,0037-5497,1741-3133,"COMPUTER SCIENCE, INTERDISCIPLINARY APPLICATIONS",SCIE,"1,614",1.3,Q4,0.36,11.43%,
SOCIAL SCIENCE COMPUTER REVIEW,SOC SCI COMPUT REV,SAGE PUBLICATIONS INC,0894-4393,1552-8286,"COMPUTER SCIENCE, INTERDISCIPLINARY APPLICATIONS",SCIE,"3,340",3,Q2,1.12,20.22%,
SOFT COMPUTING,SOFT COMPUT,SPRINGER,1432-7643,1433-7479,"COMPUTER SCIENCE, INTERDISCIPLINARY APPLICATIONS",SCIE,"20,349",3.1,Q2,0.69,5.02%,
SPEECH COMMUNICATION,SPEECH COMMUN,ELSEVIER,0167-6393,1872-7182,"COMPUTER SCIENCE, INTERDISCIPLINARY APPLICATIONS",SCIE,"3,590",2.4,Q3,0.73,29.44%,
STRUCTURAL AND MULTIDISCIPLINARY OPTIMIZATION,STRUCT MULTIDISCIP O,SPRINGER,1615-147X,1615-1488,"COMPUTER SCIENCE, INTERDISCIPLINARY APPLICATIONS",SCIE,"15,057",3.6,Q2,0.96,18.06%,
Service Oriented Computing and Applications,SERV ORIENTED COMPUT,SPRINGERNATURE,1863-2386,1863-2394,"COMPUTER SCIENCE, INTERDISCIPLINARY APPLICATIONS",ESCI,298,1.8,Q3,0.22,10.17%,
Statistical Analysis and Data Mining,STAT ANAL DATA MIN,WILEY,1932-1864,1932-1872,"COMPUTER SCIENCE, INTERDISCIPLINARY APPLICATIONS",SCIE,764,2.1,Q3,0.58,24.24%,
VIRTUAL REALITY,VIRTUAL REAL-LONDON,SPRINGER LONDON LTD,1359-4338,1434-9957,"COMPUTER SCIENCE, INTERDISCIPLINARY APPLICATIONS",SCIE,"3,081",4.4,Q1,0.87,46.41%,
Visual Computing for Industry Biomedicine and Art,VIS COMPUT IND BIOME,SPRINGER SINGAPORE PTE LTD,,2524-4442,"COMPUTER SCIENCE, INTERDISCIPLINARY APPLICATIONS",ESCI,477,3.2,Q2,0.44,100%,
Visual Informatics,VIS INFORM,ELSEVIER,2468-502X,2468-502X,"COMPUTER SCIENCE, INTERDISCIPLINARY APPLICATIONS",ESCI,527,3.8,Q2,0.86,96.84%,
