NATURE REVIEWS DRUG DISCOVERY,NAT REV DRUG DISCOV,NATURE PORTFOLIO,1474-1776,1474-1784,BIOTECHNOLOGY & APPLIED MICROBIOLOGY,SCIE,"48,152",122.7,Q1,13.41,9.91%,Unnamed: 12
3 Biotech,3 BIOTECH,SPRINGER HEIDELBERG,2190-572X,2190-5738,BIOTECHNOLOGY & APPLIED MICROBIOLOGY,SCIE,"10,750",2.6,Q3,0.58,5.61%,
AMB Express,AMB EXPRESS,SPRINGER,2191-0855,2191-0855,BIOTECHNOLOGY & APPLIED MICROBIOLOGY,SCIE,"5,826",3.5,Q2,0.82,99.79%,
AMERICAN JOURNAL OF ENOLOGY AND VITICULTURE,AM J ENOL VITICULT,AMER SOC ENOLOGY VITICULTURE,0002-9254,1943-7749,BIOTECHNOLOGY & APPLIED MICROBIOLOGY,SCIE,"5,501",2.2,Q3,0.57,53.06%,
ANIMAL BIOTECHNOLOGY,ANIM BIOTECHNOL,TAYLOR & FRANCIS INC,1049-5398,1532-2378,BIOTECHNOLOGY & APPLIED MICROBIOLOGY,SCIE,"2,063",1.7,Q4,0.63,8.08%,
ANNALS OF MICROBIOLOGY,ANN MICROBIOL,BMC,1590-4261,1869-2044,BIOTECHNOLOGY & APPLIED MICROBIOLOGY,SCIE,"4,221",3,Q2,0.65,100%,
APPLIED AND ENVIRONMENTAL MICROBIOLOGY,APPL ENVIRON MICROB,AMER SOC MICROBIOLOGY,0099-2240,1098-5336,BIOTECHNOLOGY & APPLIED MICROBIOLOGY,SCIE,"92,314",3.9,Q2,0.95,24.98%,
APPLIED BIOCHEMISTRY AND BIOTECHNOLOGY,APPL BIOCHEM BIOTECH,SPRINGER,0273-2289,1559-0291,BIOTECHNOLOGY & APPLIED MICROBIOLOGY,SCIE,"14,612",3.1,Q2,0.67,4.16%,
APPLIED BIOCHEMISTRY AND MICROBIOLOGY,APPL BIOCHEM MICRO+,PLEIADES PUBLISHING INC,0003-6838,1608-3024,BIOTECHNOLOGY & APPLIED MICROBIOLOGY,SCIE,"1,978",1,Q4,0.2,4.96%,
APPLIED MICROBIOLOGY AND BIOTECHNOLOGY,APPL MICROBIOL BIOT,SPRINGER,0175-7598,1432-0614,BIOTECHNOLOGY & APPLIED MICROBIOLOGY,SCIE,"51,516",3.9,Q2,0.81,17.83%,
Algal Research-Biomass Biofuels and Bioproducts,ALGAL RES,ELSEVIER,2211-9264,2211-9264,BIOTECHNOLOGY & APPLIED MICROBIOLOGY,SCIE,"13,824",4.6,Q1,1.1,21.97%,
Algorithms for Molecular Biology,ALGORITHM MOL BIOL,BMC,,1748-7188,BIOTECHNOLOGY & APPLIED MICROBIOLOGY,SCIE,777,1.5,Q4,0.34,100%,
Annual Review of Animal Biosciences,ANNU REV ANIM BIOSCI,ANNUAL REVIEWS,2165-8102,2165-8110,BIOTECHNOLOGY & APPLIED MICROBIOLOGY,SCIE,"1,987",8.7,Q1,4.63,32.76%,
Applied Biological Research,APPL BIOL RES,CENTRE ADVANCEMENT APPLIED SCIENCES,0972-0979,0974-4517,BIOTECHNOLOGY & APPLIED MICROBIOLOGY,ESCI,116,0.3,Q4,0.06,0%,
Artificial Cells Nanomedicine and Biotechnology,ARTIF CELL NANOMED B,TAYLOR & FRANCIS LTD,2169-1401,2169-141X,BIOTECHNOLOGY & APPLIED MICROBIOLOGY,SCIE,"8,659",4.5,Q1,1.03,98.61%,
Asian Biotechnology and Development Review,ASIAN BIOTECHN DEV R,RESEARCH & INFORMATION SYSTEM NON-ALIGNED & OTHER DEVELOPING COUNTRIES,0972-7566,0972-7566,BIOTECHNOLOGY & APPLIED MICROBIOLOGY,ESCI,22,<0.1,Q4,0.02,0%,
BIOCATALYSIS AND BIOTRANSFORMATION,BIOCATAL BIOTRANSFOR,TAYLOR & FRANCIS LTD,1024-2422,1029-2446,BIOTECHNOLOGY & APPLIED MICROBIOLOGY,SCIE,"1,188",1.4,Q4,0.34,1.44%,
BIOCONTROL SCIENCE,BIOCONTROL SCI,"SOC ANTIBACTERIAL & ANTIFUNGAL AGENTS, JAPAN",1342-4815,1884-0205,BIOTECHNOLOGY & APPLIED MICROBIOLOGY,SCIE,614,0.9,Q4,0.26,100%,
BIOCONTROL SCIENCE AND TECHNOLOGY,BIOCONTROL SCI TECHN,TAYLOR & FRANCIS LTD,0958-3157,1360-0478,BIOTECHNOLOGY & APPLIED MICROBIOLOGY,SCIE,"3,332",1.5,Q4,0.5,7.29%,
BIODEGRADATION,BIODEGRADATION,SPRINGER,0923-9820,1572-9729,BIOTECHNOLOGY & APPLIED MICROBIOLOGY,SCIE,"2,894",3.1,Q2,0.71,15.83%,
BIOFOULING,BIOFOULING,TAYLOR & FRANCIS LTD,0892-7014,1029-2454,BIOTECHNOLOGY & APPLIED MICROBIOLOGY,SCIE,"5,312",2.6,Q3,0.72,5.48%,
BIOINFORMATICS,BIOINFORMATICS,OXFORD UNIV PRESS,1367-4803,1367-4811,BIOTECHNOLOGY & APPLIED MICROBIOLOGY,SCIE,"166,068",4.4,Q1,1.53,58.31%,
BIOLOGICAL CONTROL,BIOL CONTROL,ACADEMIC PRESS INC ELSEVIER SCIENCE,1049-9644,1090-2112,BIOTECHNOLOGY & APPLIED MICROBIOLOGY,SCIE,"11,489",3.7,Q2,1.34,27.03%,
BIOLOGICALS,BIOLOGICALS,ACADEMIC PRESS LTD- ELSEVIER SCIENCE LTD,1045-1056,1095-8320,BIOTECHNOLOGY & APPLIED MICROBIOLOGY,SCIE,"1,680",1.5,Q4,0.41,42.52%,
BIOMARKERS,BIOMARKERS,TAYLOR & FRANCIS LTD,1354-750X,1366-5804,BIOTECHNOLOGY & APPLIED MICROBIOLOGY,SCIE,"2,485",2,Q3,0.53,8%,
BIOMASS & BIOENERGY,BIOMASS BIOENERG,PERGAMON-ELSEVIER SCIENCE LTD,0961-9534,1873-2909,BIOTECHNOLOGY & APPLIED MICROBIOLOGY,SCIE,"21,023",5.8,Q1,1.02,23.05%,
BIOPHARM INTERNATIONAL,BIOPHARM INT,ADVANSTAR COMMUNICATIONS INC,1542-166X,1939-1862,BIOTECHNOLOGY & APPLIED MICROBIOLOGY,SCIE,216,0.1,Q4,0.03,0%,
BIOPROCESS AND BIOSYSTEMS ENGINEERING,BIOPROC BIOSYST ENG,SPRINGER,1615-7591,1615-7605,BIOTECHNOLOGY & APPLIED MICROBIOLOGY,SCIE,"6,427",3.5,Q2,0.68,8.15%,
BIORESOURCE TECHNOLOGY,BIORESOURCE TECHNOL,ELSEVIER SCI LTD,0960-8524,1873-2976,BIOTECHNOLOGY & APPLIED MICROBIOLOGY,SCIE,"167,707",9.7,Q1,1.76,9.18%,
BIOSCIENCE BIOTECHNOLOGY AND BIOCHEMISTRY,BIOSCI BIOTECH BIOCH,OXFORD UNIV PRESS,0916-8451,1347-6947,BIOTECHNOLOGY & APPLIED MICROBIOLOGY,SCIE,"13,250",1.4,Q4,0.3,10.14%,
BIOSENSORS & BIOELECTRONICS,BIOSENS BIOELECTRON,ELSEVIER ADVANCED TECHNOLOGY,0956-5663,1873-4235,BIOTECHNOLOGY & APPLIED MICROBIOLOGY,SCIE,"74,792",10.7,Q1,2.37,13.95%,
BIOTECHNIC & HISTOCHEMISTRY,BIOTECH HISTOCHEM,TAYLOR & FRANCIS LTD,1052-0295,1473-7760,BIOTECHNOLOGY & APPLIED MICROBIOLOGY,SCIE,"1,770",1.6,Q4,0.28,2.68%,
BIOTECHNOLOGY & BIOTECHNOLOGICAL EQUIPMENT,BIOTECHNOL BIOTEC EQ,TAYLOR & FRANCIS LTD,1310-2818,1314-3530,BIOTECHNOLOGY & APPLIED MICROBIOLOGY,SCIE,"3,272",1.5,Q4,0.33,97.72%,
BIOTECHNOLOGY ADVANCES,BIOTECHNOL ADV,PERGAMON-ELSEVIER SCIENCE LTD,0734-9750,1873-1899,BIOTECHNOLOGY & APPLIED MICROBIOLOGY,SCIE,"24,510",12.1,Q1,1.6,28.07%,
BIOTECHNOLOGY AND APPLIED BIOCHEMISTRY,BIOTECHNOL APPL BIOC,WILEY,0885-4513,1470-8744,BIOTECHNOLOGY & APPLIED MICROBIOLOGY,SCIE,"3,859",3.2,Q2,0.54,3.2%,
BIOTECHNOLOGY AND BIOENGINEERING,BIOTECHNOL BIOENG,WILEY,0006-3592,1097-0290,BIOTECHNOLOGY & APPLIED MICROBIOLOGY,SCIE,"21,938",3.5,Q2,0.79,31.31%,
BIOTECHNOLOGY AND BIOPROCESS ENGINEERING,BIOTECHNOL BIOPROC E,KOREAN SOC BIOTECHNOLOGY & BIOENGINEERING,1226-8372,1976-3816,BIOTECHNOLOGY & APPLIED MICROBIOLOGY,SCIE,"3,022",2.5,Q3,0.58,0%,
BIOTECHNOLOGY LAW REPORT,BIOTECHNOL LAW REP,"MARY ANN LIEBERT, INC",0730-031X,1557-8704,BIOTECHNOLOGY & APPLIED MICROBIOLOGY,SCIE,68,0.2,Q4,0.05,0%,
BIOTECHNOLOGY LETTERS,BIOTECHNOL LETT,SPRINGER,0141-5492,1573-6776,BIOTECHNOLOGY & APPLIED MICROBIOLOGY,SCIE,"9,506",2,Q3,0.52,9.66%,
BIOTECHNOLOGY PROGRESS,BIOTECHNOL PROGR,WILEY,8756-7938,1520-6033,BIOTECHNOLOGY & APPLIED MICROBIOLOGY,SCIE,"7,262",2.5,Q3,0.58,23.47%,
BMC BIOINFORMATICS,BMC BIOINFORMATICS,BMC,1471-2105,1471-2105,BIOTECHNOLOGY & APPLIED MICROBIOLOGY,SCIE,"48,444",2.9,Q2,0.75,99.64%,
BMC BIOTECHNOLOGY,BMC BIOTECHNOL,BMC,,1472-6750,BIOTECHNOLOGY & APPLIED MICROBIOLOGY,SCIE,"3,894",3.5,Q2,0.84,100%,
BMC GENOMICS,BMC GENOMICS,BMC,1471-2164,1471-2164,BIOTECHNOLOGY & APPLIED MICROBIOLOGY,SCIE,"49,161",3.5,Q2,1.03,99.84%,
BioTech,BIOTECH-BASEL,MDPI,,2673-6284,BIOTECHNOLOGY & APPLIED MICROBIOLOGY,ESCI,287,2.7,Q3,0.59,100%,
Biocatalysis and Agricultural Biotechnology,BIOCATAL AGR BIOTECH,ELSEVIER,,1878-8181,BIOTECHNOLOGY & APPLIED MICROBIOLOGY,ESCI,"8,902",3.4,Q2,0.86,3.59%,
Biochemical Engineering Journal,BIOCHEM ENG J,ELSEVIER,1369-703X,1873-295X,BIOTECHNOLOGY & APPLIED MICROBIOLOGY,SCIE,"12,763",3.7,Q2,0.76,11.38%,
Bioengineered,BIOENGINEERED,TAYLOR & FRANCIS INC,2165-5979,2165-5987,BIOTECHNOLOGY & APPLIED MICROBIOLOGY,SCIE,"10,548",4.2,Q2,1.13,100%,
Biofuels Bioproducts & Biorefining-Biofpr,BIOFUEL BIOPROD BIOR,WILEY,1932-104X,1932-1031,BIOTECHNOLOGY & APPLIED MICROBIOLOGY,SCIE,"4,244",3.2,Q2,0.55,19.78%,
Biomed Research International,BIOMED RES INT,HINDAWI LTD,2314-6133,2314-6141,BIOTECHNOLOGY & APPLIED MICROBIOLOGY,ESCI,"66,215",2.6,Q3,0.6,99.26%,
Biomedical and Biotechnology Research Journal,BIOMED BIOTECH RES J,WOLTERS KLUWER MEDKNOW PUBLICATIONS,2588-9834,2588-9842,BIOTECHNOLOGY & APPLIED MICROBIOLOGY,ESCI,387,1,Q4,0.28,79.3%,
Bioresources and Bioprocessing,BIORESOUR BIOPROCESS,SPRINGER HEIDELBERG,,2197-4365,BIOTECHNOLOGY & APPLIED MICROBIOLOGY,SCIE,"3,053",4.3,Q1,0.85,99.72%,
Biotechnology Journal,BIOTECHNOL J,WILEY-V C H VERLAG GMBH,1860-6768,1860-7314,BIOTECHNOLOGY & APPLIED MICROBIOLOGY,SCIE,"7,297",3.2,Q2,0.79,26.37%,
Biotechnology and Genetic Engineering Reviews,BIOTECHNOL GENET ENG,TAYLOR & FRANCIS LTD,0264-8725,2046-5556,BIOTECHNOLOGY & APPLIED MICROBIOLOGY,SCIE,"1,114",6.5,Q1,0.79,1.46%,
Biotechnology for Biofuels,BIOTECHNOL BIOFUELS,BMC,,1754-6834,BIOTECHNOLOGY & APPLIED MICROBIOLOGY,SCIE,"13,355",6.1,Q1,1.08,99.59%,
Biotechnology for Biofuels and Bioproducts,BIOTECHNOL BIOF BIOP,BMC,,2731-3654,BIOTECHNOLOGY & APPLIED MICROBIOLOGY,SCIE,667,3.3,Q2,0.69,99.71%,
Biotecnia,BIOTECNIA,UNIV SONORA,1665-1456,1665-1456,BIOTECHNOLOGY & APPLIED MICROBIOLOGY,ESCI,210,0.5,Q4,0.1,64.95%,
Briefings in Functional Genomics,BRIEF FUNCT GENOMICS,OXFORD UNIV PRESS,2041-2649,2041-2657,BIOTECHNOLOGY & APPLIED MICROBIOLOGY,SCIE,"2,010",2.5,Q3,0.48,17.72%,
By exporting the selected data; you agree to the data usage policy set forth in the Terms of Use ,,,,,,,,,,,,
CANADIAN JOURNAL OF MICROBIOLOGY,CAN J MICROBIOL,CANADIAN SCIENCE PUBLISHING,0008-4166,1480-3275,BIOTECHNOLOGY & APPLIED MICROBIOLOGY,SCIE,"6,121",1.8,Q4,0.39,17.43%,
CANCER GENE THERAPY,CANCER GENE THER,SPRINGERNATURE,0929-1903,1476-5500,BIOTECHNOLOGY & APPLIED MICROBIOLOGY,SCIE,"4,575",4.8,Q1,1.1,37.11%,
CHEMICAL AND BIOCHEMICAL ENGINEERING QUARTERLY,CHEM BIOCHEM ENG Q,CROATIAN SOC CHEMICAL ENGINEERING TECHNOLOGY,0352-9568,1846-5153,BIOTECHNOLOGY & APPLIED MICROBIOLOGY,SCIE,887,1.6,Q4,0.23,98.75%,
CRITICAL REVIEWS IN BIOTECHNOLOGY,CRIT REV BIOTECHNOL,TAYLOR & FRANCIS LTD,0738-8551,1549-7801,BIOTECHNOLOGY & APPLIED MICROBIOLOGY,SCIE,"7,612",8.1,Q1,0.91,9.69%,
CRITICAL REVIEWS IN EUKARYOTIC GENE EXPRESSION,CRIT REV EUKAR GENE,BEGELL HOUSE INC,1045-4403,2162-6502,BIOTECHNOLOGY & APPLIED MICROBIOLOGY,SCIE,"1,298",1.5,Q4,0.38,1.8%,
CURRENT OPINION IN BIOTECHNOLOGY,CURR OPIN BIOTECH,ELSEVIER SCI LTD,0958-1669,1879-0429,BIOTECHNOLOGY & APPLIED MICROBIOLOGY,SCIE,"18,270",7.1,Q1,1.05,44.3%,
CYTOTECHNOLOGY,CYTOTECHNOLOGY,SPRINGER,0920-9069,1573-0778,BIOTECHNOLOGY & APPLIED MICROBIOLOGY,SCIE,"3,042",2,Q3,0.38,6.25%,
CYTOTHERAPY,CYTOTHERAPY,ELSEVIER SCI LTD,1465-3249,1477-2566,BIOTECHNOLOGY & APPLIED MICROBIOLOGY,SCIE,"6,945",3.7,Q2,0.81,33.33%,
Cellular Reprogramming,CELL REPROGRAM,"MARY ANN LIEBERT, INC",2152-4971,2152-4998,BIOTECHNOLOGY & APPLIED MICROBIOLOGY,SCIE,636,1.2,Q4,0.32,6.02%,
Copyright (c) 2024 Clarivate ,,,,,,,,,,,,
Crop Breeding and Applied Biotechnology,CROP BREED APPL BIOT,BRAZILIAN SOC PLANT BREEDING,1984-7033,1518-7853,BIOTECHNOLOGY & APPLIED MICROBIOLOGY,SCIE,994,1.3,Q4,0.34,85.62%,
Current Nanoscience,CURR NANOSCI,BENTHAM SCIENCE PUBL LTD,1573-4137,1875-6786,BIOTECHNOLOGY & APPLIED MICROBIOLOGY,SCIE,"1,408",1.4,Q4,0.19,0.49%,
Current Opinion in Chemical Engineering,CURR OPIN CHEM ENG,ELSEVIER SCI LTD,2211-3398,2211-3398,BIOTECHNOLOGY & APPLIED MICROBIOLOGY,SCIE,"4,363",8,Q1,1.36,26.94%,
Current Research in Biotechnology,CURR RES BIOTECHNOL,ELSEVIER,2590-2628,2590-2628,BIOTECHNOLOGY & APPLIED MICROBIOLOGY,ESCI,488,3.6,Q2,0.99,100%,
ELECTRONIC JOURNAL OF BIOTECHNOLOGY,ELECTRON J BIOTECHN,PONTIFICIA UNIV CATOLICA VALPARAISO,0717-3458,0717-3458,BIOTECHNOLOGY & APPLIED MICROBIOLOGY,SCIE,"2,227",2.3,Q3,0.6,98.08%,
ENGINEERING IN LIFE SCIENCES,ENG LIFE SCI,WILEY,1618-0240,1618-2863,BIOTECHNOLOGY & APPLIED MICROBIOLOGY,SCIE,"3,225",3.9,Q2,0.72,55.63%,
ENZYME AND MICROBIAL TECHNOLOGY,ENZYME MICROB TECH,ELSEVIER SCIENCE INC,0141-0229,1879-0909,BIOTECHNOLOGY & APPLIED MICROBIOLOGY,SCIE,"9,770",3.4,Q2,0.83,11.06%,
EXPERT OPINION ON BIOLOGICAL THERAPY,EXPERT OPIN BIOL TH,TAYLOR & FRANCIS LTD,1471-2598,1744-7682,BIOTECHNOLOGY & APPLIED MICROBIOLOGY,SCIE,"5,963",3.6,Q2,0.61,19.17%,
Environmental Technology & Innovation,ENVIRON TECHNOL INNO,ELSEVIER,2352-1864,2352-1864,BIOTECHNOLOGY & APPLIED MICROBIOLOGY,SCIE,"15,209",6.7,Q1,1.24,58.42%,
FEMS YEAST RESEARCH,FEMS YEAST RES,OXFORD UNIV PRESS,1567-1356,1567-1364,BIOTECHNOLOGY & APPLIED MICROBIOLOGY,SCIE,"4,163",2.4,Q3,0.51,39.55%,
FOLIA MICROBIOLOGICA,FOLIA MICROBIOL,SPRINGER,0015-5632,1874-9356,BIOTECHNOLOGY & APPLIED MICROBIOLOGY,SCIE,"2,885",2.4,Q3,0.51,8.96%,
FOOD AND BIOPRODUCTS PROCESSING,FOOD BIOPROD PROCESS,ELSEVIER,0960-3085,1744-3571,BIOTECHNOLOGY & APPLIED MICROBIOLOGY,SCIE,"6,297",3.5,Q2,0.86,29.85%,
FOOD BIOTECHNOLOGY,FOOD BIOTECHNOL,TAYLOR & FRANCIS INC,0890-5436,1532-4249,BIOTECHNOLOGY & APPLIED MICROBIOLOGY,SCIE,635,1.8,Q4,0.37,0%,
FOOD MICROBIOLOGY,FOOD MICROBIOL,ACADEMIC PRESS LTD- ELSEVIER SCIENCE LTD,0740-0020,1095-9998,BIOTECHNOLOGY & APPLIED MICROBIOLOGY,SCIE,"14,493",4.5,Q1,1.18,30.3%,
FOOD TECHNOLOGY AND BIOTECHNOLOGY,FOOD TECHNOL BIOTECH,FACULTY FOOD TECHNOLOGY BIOTECHNOLOGY,1330-9862,1334-2606,BIOTECHNOLOGY & APPLIED MICROBIOLOGY,SCIE,"2,691",2.3,Q3,0.46,97.86%,
Fermentation-Basel,FERMENTATION-BASEL,MDPI,,2311-5637,BIOTECHNOLOGY & APPLIED MICROBIOLOGY,SCIE,"6,525",3.3,Q2,0.77,99.86%,
Frontiers in Bioengineering and Biotechnology,FRONT BIOENG BIOTECH,FRONTIERS MEDIA SA,2296-4185,2296-4185,BIOTECHNOLOGY & APPLIED MICROBIOLOGY,SCIE,"33,446",4.3,Q1,0.83,99.42%,
Frontiers in Chemical Engineering,FRONT CHEM ENG,FRONTIERS MEDIA SA,,2673-2718,BIOTECHNOLOGY & APPLIED MICROBIOLOGY,ESCI,630,2.5,Q3,0.33,99.62%,
Frontiers in Genome Editing,FRONT GENOME EDIT,FRONTIERS MEDIA SA,,2673-3439,BIOTECHNOLOGY & APPLIED MICROBIOLOGY,ESCI,627,4.9,Q1,0.86,100%,
GEN Biotechnology,GEN BIOTECHNOL,"MARY ANN LIEBERT, INC",2768-1572,2768-1556,BIOTECHNOLOGY & APPLIED MICROBIOLOGY,ESCI,67,2,Q3,0.26,10.31%,
GENE THERAPY,GENE THER,SPRINGERNATURE,0969-7128,1476-5462,BIOTECHNOLOGY & APPLIED MICROBIOLOGY,SCIE,"6,684",4.6,Q1,0.98,43.01%,
GENOME,GENOME,CANADIAN SCIENCE PUBLISHING,0831-2796,1480-3321,BIOTECHNOLOGY & APPLIED MICROBIOLOGY,SCIE,"3,915",2.3,Q3,0.57,16.67%,
GENOME BIOLOGY,GENOME BIOL,BMC,1474-760X,1474-760X,BIOTECHNOLOGY & APPLIED MICROBIOLOGY,SCIE,"67,264",10.1,Q1,2.78,99.41%,
GENOME RESEARCH,GENOME RES,"COLD SPRING HARBOR LAB PRESS, PUBLICATIONS DEPT",1088-9051,1549-5469,BIOTECHNOLOGY & APPLIED MICROBIOLOGY,SCIE,"42,910",6.2,Q1,1.62,95.16%,
GENOMICS,GENOMICS,ACADEMIC PRESS INC ELSEVIER SCIENCE,0888-7543,1089-8646,BIOTECHNOLOGY & APPLIED MICROBIOLOGY,SCIE,"12,262",3.4,Q2,1.02,97.93%,
GM Crops & Food-Biotechnology in Agriculture and the Food Chain,GM CROPS FOOD,TAYLOR & FRANCIS AS,2164-5698,2164-5701,BIOTECHNOLOGY & APPLIED MICROBIOLOGY,SCIE,760,4.5,Q1,1.11,100%,
Genes & Genomics,GENES GENOM,SPRINGER,1976-9571,2092-9293,BIOTECHNOLOGY & APPLIED MICROBIOLOGY,SCIE,"1,727",1.6,Q4,0.42,11.32%,
HUMAN GENE THERAPY,HUM GENE THER,"MARY ANN LIEBERT, INC",1043-0342,1557-7422,BIOTECHNOLOGY & APPLIED MICROBIOLOGY,SCIE,"6,486",3.9,Q2,1.0,16.08%,
Human Vaccines & Immunotherapeutics,HUM VACC IMMUNOTHER,TAYLOR & FRANCIS INC,2164-5515,2164-554X,BIOTECHNOLOGY & APPLIED MICROBIOLOGY,SCIE,"14,391",4.1,Q2,0.85,80.48%,
INDIAN JOURNAL OF MICROBIOLOGY,INDIAN J MICROBIOL,SPRINGER,0046-8991,0973-7715,BIOTECHNOLOGY & APPLIED MICROBIOLOGY,SCIE,"2,426",2.1,Q3,0.49,4.74%,
INTERNATIONAL BIODETERIORATION & BIODEGRADATION,INT BIODETER BIODEGR,ELSEVIER SCI LTD,0964-8305,1879-0208,BIOTECHNOLOGY & APPLIED MICROBIOLOGY,SCIE,"12,510",4.1,Q2,0.91,14.5%,
INTERNATIONAL JOURNAL OF BIOLOGICAL MARKERS,INT J BIOL MARKER,SAGE PUBLICATIONS LTD,0393-6155,1724-6008,BIOTECHNOLOGY & APPLIED MICROBIOLOGY,SCIE,"1,356",2.3,Q3,0.46,95.15%,
INTERNATIONAL MICROBIOLOGY,INT MICROBIOL,SPRINGER,1139-6709,1618-1905,BIOTECHNOLOGY & APPLIED MICROBIOLOGY,SCIE,"1,932",2.3,Q3,0.53,15.84%,
Industrial Biotechnology,IND BIOTECHNOL,"MARY ANN LIEBERT, INC",1550-9087,1931-8421,BIOTECHNOLOGY & APPLIED MICROBIOLOGY,ESCI,729,1.3,Q4,0.19,0.85%,
International Journal of Genomics,INT J GENOMICS,HINDAWI LTD,2314-436X,2314-4378,BIOTECHNOLOGY & APPLIED MICROBIOLOGY,SCIE,"1,470",2.6,Q3,0.56,99.08%,
Iranian Journal of Biotechnology,IRAN J BIOTECHNOL,NATL INST GENETIC ENGINEERING & BIOTECHNOLOGY,1728-3043,1728-3043,BIOTECHNOLOGY & APPLIED MICROBIOLOGY,SCIE,730,1.6,Q4,0.33,0%,
JOURNAL OF ANTIBIOTICS,J ANTIBIOT,SPRINGERNATURE,0021-8820,1881-1469,BIOTECHNOLOGY & APPLIED MICROBIOLOGY,SCIE,"8,687",2.1,Q3,0.57,9.4%,
JOURNAL OF APPLIED GENETICS,J APPL GENET,SPRINGER HEIDELBERG,1234-1983,2190-3883,BIOTECHNOLOGY & APPLIED MICROBIOLOGY,SCIE,"1,896",2,Q3,0.49,38.42%,
JOURNAL OF APPLIED MICROBIOLOGY,J APPL MICROBIOL,OXFORD UNIV PRESS,1364-5072,1365-2672,BIOTECHNOLOGY & APPLIED MICROBIOLOGY,SCIE,"24,397",3.2,Q2,0.67,14.06%,
JOURNAL OF APPLIED PHYCOLOGY,J APPL PHYCOL,SPRINGER,0921-8971,1573-5176,BIOTECHNOLOGY & APPLIED MICROBIOLOGY,SCIE,"13,624",2.8,Q3,0.89,22.48%,
JOURNAL OF BIOACTIVE AND COMPATIBLE POLYMERS,J BIOACT COMPAT POL,SAGE PUBLICATIONS LTD,0883-9115,1530-8030,BIOTECHNOLOGY & APPLIED MICROBIOLOGY,SCIE,"1,085",2.1,Q3,0.39,0%,
JOURNAL OF BIOSCIENCE AND BIOENGINEERING,J BIOSCI BIOENG,SOC BIOSCIENCE BIOENGINEERING JAPAN,1389-1723,1347-4421,BIOTECHNOLOGY & APPLIED MICROBIOLOGY,SCIE,"8,786",2.3,Q3,0.64,25.27%,
JOURNAL OF BIOTECHNOLOGY,J BIOTECHNOL,ELSEVIER,0168-1656,1873-4863,BIOTECHNOLOGY & APPLIED MICROBIOLOGY,SCIE,"14,954",4.1,Q2,0.96,16.7%,
JOURNAL OF CHEMICAL TECHNOLOGY AND BIOTECHNOLOGY,J CHEM TECHNOL BIOT,WILEY,0268-2575,1097-4660,BIOTECHNOLOGY & APPLIED MICROBIOLOGY,SCIE,"13,372",2.8,Q3,0.45,10.09%,
JOURNAL OF COMPUTATIONAL BIOLOGY,J COMPUT BIOL,"MARY ANN LIEBERT, INC",1066-5277,1557-8666,BIOTECHNOLOGY & APPLIED MICROBIOLOGY,SCIE,"5,105",1.4,Q4,0.49,10%,
JOURNAL OF FOOD PROTECTION,J FOOD PROTECT,ELSEVIER,0362-028X,1944-9097,BIOTECHNOLOGY & APPLIED MICROBIOLOGY,SCIE,"12,786",2.1,Q3,0.47,96.27%,
JOURNAL OF FOOD SAFETY,J FOOD SAFETY,WILEY,0149-6085,1745-4565,BIOTECHNOLOGY & APPLIED MICROBIOLOGY,SCIE,"2,263",1.9,Q4,0.45,9.05%,
JOURNAL OF GENE MEDICINE,J GENE MED,WILEY,1099-498X,1521-2254,BIOTECHNOLOGY & APPLIED MICROBIOLOGY,SCIE,"2,554",3.2,Q2,0.76,8.22%,
JOURNAL OF GENERAL AND APPLIED MICROBIOLOGY,J GEN APPL MICROBIOL,MICROBIOL RES FOUNDATION,0022-1260,1349-8037,BIOTECHNOLOGY & APPLIED MICROBIOLOGY,SCIE,"1,557",0.8,Q4,0.25,98.15%,
JOURNAL OF GENERAL VIROLOGY,J GEN VIROL,MICROBIOLOGY SOC,0022-1317,1465-2099,BIOTECHNOLOGY & APPLIED MICROBIOLOGY,SCIE,"16,934",3.6,Q2,0.76,0.5%,
JOURNAL OF INDUSTRIAL MICROBIOLOGY & BIOTECHNOLOGY,J IND MICROBIOL BIOT,OXFORD UNIV PRESS,1367-5435,1476-5535,BIOTECHNOLOGY & APPLIED MICROBIOLOGY,SCIE,"7,207",3.2,Q2,0.54,95.03%,
JOURNAL OF MICROBIOLOGY AND BIOTECHNOLOGY,J MICROBIOL BIOTECHN,KOREAN SOC MICROBIOLOGY & BIOTECHNOLOGY,1017-7825,1738-8872,BIOTECHNOLOGY & APPLIED MICROBIOLOGY,SCIE,"7,521",2.5,Q3,0.56,1.28%,
JOURNAL OF NANOBIOTECHNOLOGY,J NANOBIOTECHNOL,BMC,,1477-3155,BIOTECHNOLOGY & APPLIED MICROBIOLOGY,SCIE,"19,684",10.6,Q1,1.71,99.79%,
JOURNAL OF THE AMERICAN SOCIETY OF BREWING CHEMISTS,J AM SOC BREW CHEM,TAYLOR & FRANCIS LTD,0361-0470,1943-7854,BIOTECHNOLOGY & APPLIED MICROBIOLOGY,SCIE,"1,218",1.3,Q4,0.34,26.52%,
JOURNAL OF VIROLOGICAL METHODS,J VIROL METHODS,ELSEVIER,0166-0934,1879-0984,BIOTECHNOLOGY & APPLIED MICROBIOLOGY,SCIE,"7,977",2.2,Q3,0.67,24.53%,
Journal of Biological Engineering,J BIOL ENG,BMC,1754-1611,1754-1611,BIOTECHNOLOGY & APPLIED MICROBIOLOGY,SCIE,"2,162",5.7,Q1,1.07,99.29%,
Journal of Genetic Engineering and Biotechnology,J GENET ENG BIOTECHN,ELSEVIER SCIENCE INC,2090-5920,2090-5920,BIOTECHNOLOGY & APPLIED MICROBIOLOGY,ESCI,"2,500",3.6,Q2,0.69,99.7%,
Journal of Microorganism Control,J MICROORG CONTROL,"SOC ANTIBACTERIAL & ANTIFUNGAL AGENTS, JAPAN",2758-6383,2758-6383,BIOTECHNOLOGY & APPLIED MICROBIOLOGY,SCIE,8,,,,0%,
Journal of Tissue Engineering and Regenerative Medicine,J TISSUE ENG REGEN M,WILEY,1932-6254,1932-7005,BIOTECHNOLOGY & APPLIED MICROBIOLOGY,SCIE,"6,164",3.1,Q2,0.59,82.04%,
Journal of Zhejiang University-SCIENCE B,J ZHEJIANG UNIV-SC B,ZHEJIANG UNIV PRESS,1673-1581,1862-1783,BIOTECHNOLOGY & APPLIED MICROBIOLOGY,SCIE,"4,265",4.7,Q1,0.72,3.03%,
LETTERS IN APPLIED MICROBIOLOGY,LETT APPL MICROBIOL,OXFORD UNIV PRESS,0266-8254,1472-765X,BIOTECHNOLOGY & APPLIED MICROBIOLOGY,SCIE,"8,921",2,Q3,0.47,7.99%,
MAMMALIAN GENOME,MAMM GENOME,SPRINGER,0938-8990,1432-1777,BIOTECHNOLOGY & APPLIED MICROBIOLOGY,SCIE,"2,542",2.7,Q3,0.6,40.88%,
MARINE BIOTECHNOLOGY,MAR BIOTECHNOL,SPRINGER,1436-2228,1436-2236,BIOTECHNOLOGY & APPLIED MICROBIOLOGY,SCIE,"3,410",2.6,Q3,0.83,9.23%,
METABOLIC ENGINEERING,METAB ENG,ACADEMIC PRESS INC ELSEVIER SCIENCE,1096-7176,1096-7184,BIOTECHNOLOGY & APPLIED MICROBIOLOGY,SCIE,"10,451",6.8,Q1,1.84,45.66%,
MICROBES AND ENVIRONMENTS,MICROBES ENVIRON,"JAPANESE SOC MICROBIAL ECOLOGY, DEPT BIORESOURCE SCIENCE",1342-6311,1347-4405,BIOTECHNOLOGY & APPLIED MICROBIOLOGY,SCIE,"2,322",2.1,Q3,0.49,99.24%,
MOLECULAR AND CELLULAR PROBES,MOL CELL PROBE,ACADEMIC PRESS LTD- ELSEVIER SCIENCE LTD,0890-8508,1096-1194,BIOTECHNOLOGY & APPLIED MICROBIOLOGY,SCIE,"2,242",2.3,Q3,0.59,45.22%,
MOLECULAR BIOTECHNOLOGY,MOL BIOTECHNOL,SPRINGERNATURE,1073-6085,1559-0305,BIOTECHNOLOGY & APPLIED MICROBIOLOGY,SCIE,"3,829",2.4,Q3,0.48,9.55%,
MOLECULAR PLANT-MICROBE INTERACTIONS,MOL PLANT MICROBE IN,AMER PHYTOPATHOLOGICAL SOC,0894-0282,1943-7706,BIOTECHNOLOGY & APPLIED MICROBIOLOGY,SCIE,"11,821",3.2,Q2,0.81,97.47%,
MOLECULAR THERAPY,MOL THER,CELL PRESS,1525-0016,1525-0024,BIOTECHNOLOGY & APPLIED MICROBIOLOGY,SCIE,"27,549",12.1,Q1,2.88,87.77%,
MUTATION RESEARCH-FUNDAMENTAL AND MOLECULAR MECHANISMS OF MUTAGENESIS,MUTAT RES-FUND MOL M,ELSEVIER,1386-1964,1879-2871,BIOTECHNOLOGY & APPLIED MICROBIOLOGY,SCIE,"5,238",1.5,Q4,0.48,19.44%,
MUTATION RESEARCH-GENETIC TOXICOLOGY AND ENVIRONMENTAL MUTAGENESIS,MUTAT RES-GEN TOX EN,ELSEVIER,1383-5718,1879-3592,BIOTECHNOLOGY & APPLIED MICROBIOLOGY,SCIE,"5,362",2.3,Q3,0.61,25.47%,
MUTATION RESEARCH-REVIEWS IN MUTATION RESEARCH,MUTAT RES-REV MUTAT,ELSEVIER,1383-5742,1388-2139,BIOTECHNOLOGY & APPLIED MICROBIOLOGY,SCIE,"3,694",6.4,Q1,0.92,30.59%,
Metabolic Engineering Communications,METAB ENG COMMUN,ELSEVIER,2214-0301,2214-0301,BIOTECHNOLOGY & APPLIED MICROBIOLOGY,ESCI,832,3.7,Q2,1.15,85.92%,
Microbial Biotechnology,MICROB BIOTECHNOL,WILEY,1751-7915,1751-7915,BIOTECHNOLOGY & APPLIED MICROBIOLOGY,SCIE,"8,023",4.8,Q1,1.05,66.19%,
Microbial Cell Factories,MICROB CELL FACT,BMC,,1475-2859,BIOTECHNOLOGY & APPLIED MICROBIOLOGY,SCIE,"12,658",4.3,Q1,1.02,99.87%,
Microbial Physiology,MICROB PHYSIOL,KARGER,2673-1665,2673-1673,BIOTECHNOLOGY & APPLIED MICROBIOLOGY,SCIE,126,2.9,Q2,0.47,95.35%,
Minerva Biotechnology and Biomolecular Research,MINERVA BIOTECHNOL B,EDIZIONI MINERVA MEDICA,2724-542X,2724-5934,BIOTECHNOLOGY & APPLIED MICROBIOLOGY,SCIE,37,0.7,Q4,0.13,2.86%,
NATURE BIOTECHNOLOGY,NAT BIOTECHNOL,NATURE PORTFOLIO,1087-0156,1546-1696,BIOTECHNOLOGY & APPLIED MICROBIOLOGY,SCIE,"90,606",33.1,Q1,8.38,36.18%,
NEW GENETICS AND SOCIETY,NEW GENET SOC,"ROUTLEDGE JOURNALS, TAYLOR & FRANCIS LTD",1463-6778,1469-9915,BIOTECHNOLOGY & APPLIED MICROBIOLOGY,SCIE,484,1.3,Q4,0.64,75.68%,
Nanomedicine,NANOMEDICINE-UK,FUTURE MEDICINE LTD,1743-5889,1748-6963,BIOTECHNOLOGY & APPLIED MICROBIOLOGY,SCIE,"9,839",4.7,Q1,0.67,8.87%,
New Biotechnology,NEW BIOTECHNOL,ELSEVIER,1871-6784,1876-4347,BIOTECHNOLOGY & APPLIED MICROBIOLOGY,SCIE,"4,143",4.5,Q1,1.28,74.18%,
OMICS-A JOURNAL OF INTEGRATIVE BIOLOGY,OMICS,"MARY ANN LIEBERT, INC",1536-2310,1557-8100,BIOTECHNOLOGY & APPLIED MICROBIOLOGY,SCIE,"6,031",2.2,Q3,0.6,9.15%,
OncoTargets and Therapy,ONCOTARGETS THER,DOVE MEDICAL PRESS LTD,1178-6930,1178-6930,BIOTECHNOLOGY & APPLIED MICROBIOLOGY,SCIE,"15,604",2.7,Q3,0.73,96.46%,
PLANT BIOTECHNOLOGY JOURNAL,PLANT BIOTECHNOL J,WILEY,1467-7644,1467-7652,BIOTECHNOLOGY & APPLIED MICROBIOLOGY,SCIE,"18,272",10.1,Q1,2.34,77.93%,
PLANT BREEDING,PLANT BREEDING,WILEY,0179-9541,1439-0523,BIOTECHNOLOGY & APPLIED MICROBIOLOGY,SCIE,"3,933",1.5,Q4,0.38,17.48%,
PLANT CELL TISSUE AND ORGAN CULTURE,PLANT CELL TISS ORG,SPRINGER,0167-6857,1573-5044,BIOTECHNOLOGY & APPLIED MICROBIOLOGY,SCIE,"8,655",2.3,Q3,0.64,10.71%,
PREPARATIVE BIOCHEMISTRY & BIOTECHNOLOGY,PREP BIOCHEM BIOTECH,TAYLOR & FRANCIS INC,1082-6068,1532-2297,BIOTECHNOLOGY & APPLIED MICROBIOLOGY,SCIE,"2,351",2,Q3,0.49,1.17%,
PROCESS BIOCHEMISTRY,PROCESS BIOCHEM,ELSEVIER SCI LTD,1359-5113,1873-3298,BIOTECHNOLOGY & APPLIED MICROBIOLOGY,SCIE,"19,329",3.7,Q2,0.78,6.32%,
PROTEIN ENGINEERING DESIGN & SELECTION,PROTEIN ENG DES SEL,OXFORD UNIV PRESS,1741-0126,1741-0134,BIOTECHNOLOGY & APPLIED MICROBIOLOGY,SCIE,"4,221",2.6,Q3,0.34,19.44%,
PROTEIN EXPRESSION AND PURIFICATION,PROTEIN EXPRES PURIF,ACADEMIC PRESS INC ELSEVIER SCIENCE,1046-5928,1096-0279,BIOTECHNOLOGY & APPLIED MICROBIOLOGY,SCIE,"4,412",1.4,Q4,0.36,18.37%,
Pharmacogenetics and Genomics,PHARMACOGENET GENOM,LIPPINCOTT WILLIAMS & WILKINS,1744-6872,1744-6880,BIOTECHNOLOGY & APPLIED MICROBIOLOGY,SCIE,"2,393",1.7,Q4,0.57,8.79%,
Plant Biotechnology,PLANT BIOTECHNOL-NAR,JAPANESE SOC PLANT CELL & MOLECULAR BIOLOGY,1342-4580,,BIOTECHNOLOGY & APPLIED MICROBIOLOGY,SCIE,"1,470",1.4,Q4,0.33,100%,
Plant Biotechnology Reports,PLANT BIOTECHNOL REP,SPRINGER,1863-5466,1863-5474,BIOTECHNOLOGY & APPLIED MICROBIOLOGY,SCIE,"1,348",1.7,Q4,0.45,3.64%,
Probiotics and Antimicrobial Proteins,PROBIOTICS ANTIMICRO,SPRINGER,1867-1306,1867-1314,BIOTECHNOLOGY & APPLIED MICROBIOLOGY,SCIE,"4,642",4.4,Q1,1.08,13.26%,
REVIEWS IN ENVIRONMENTAL SCIENCE AND BIO-TECHNOLOGY,REV ENVIRON SCI BIO,SPRINGER,1569-1705,1572-9826,BIOTECHNOLOGY & APPLIED MICROBIOLOGY,SCIE,"5,115",8.6,Q1,1.1,23.21%,
Research Journal of Biotechnology,RES J BIOTECHNOL,RESEARCH JOURNAL BIOTECHNOLOGY,2278-4535,2278-4535,BIOTECHNOLOGY & APPLIED MICROBIOLOGY,ESCI,525,0.2,Q4,0.04,0%,
SLAS Discovery,SLAS DISCOV,ELSEVIER SCIENCE INC,2472-5552,2472-5560,BIOTECHNOLOGY & APPLIED MICROBIOLOGY,SCIE,"1,603",2.7,Q3,0.7,92.31%,
STEM CELLS,STEM CELLS,OXFORD UNIV PRESS,1066-5099,1549-4918,BIOTECHNOLOGY & APPLIED MICROBIOLOGY,SCIE,"16,723",4,Q2,0.92,30.41%,
SYSTEMATIC AND APPLIED MICROBIOLOGY,SYST APPL MICROBIOL,ELSEVIER GMBH,0723-2020,1618-0984,BIOTECHNOLOGY & APPLIED MICROBIOLOGY,SCIE,"4,604",3.3,Q2,0.87,29.27%,
Sensors and Actuators Reports,SENSOR ACTUATOR REP,ELSEVIER,2666-0539,2666-0539,BIOTECHNOLOGY & APPLIED MICROBIOLOGY,ESCI,896,6.5,Q1,1.17,100%,
Stem Cell Research,STEM CELL RES,ELSEVIER,1873-5061,1876-7753,BIOTECHNOLOGY & APPLIED MICROBIOLOGY,SCIE,"4,046",0.8,Q4,0.22,95.95%,
Synthetic Biology,SYN BIOL,OXFORD UNIV PRESS,,2397-7000,BIOTECHNOLOGY & APPLIED MICROBIOLOGY,SCIE,384,2.6,Q3,0.54,95.59%,
Synthetic and Systems Biotechnology,SYN SYST BIOTECHNO,KEAI PUBLISHING LTD,2405-805X,2405-805X,BIOTECHNOLOGY & APPLIED MICROBIOLOGY,SCIE,"1,311",4.4,Q1,1.04,90.2%,
TRANSGENIC RESEARCH,TRANSGENIC RES,SPRINGER,0962-8819,1573-9368,BIOTECHNOLOGY & APPLIED MICROBIOLOGY,SCIE,"2,474",2.7,Q3,0.56,35%,
TRENDS IN BIOTECHNOLOGY,TRENDS BIOTECHNOL,CELL PRESS,0167-7799,1879-3096,BIOTECHNOLOGY & APPLIED MICROBIOLOGY,SCIE,"19,565",14.3,Q1,1.62,30.83%,
WORLD JOURNAL OF MICROBIOLOGY & BIOTECHNOLOGY,WORLD J MICROB BIOT,SPRINGER,0959-3993,1573-0972,BIOTECHNOLOGY & APPLIED MICROBIOLOGY,SCIE,"12,798",4,Q2,0.74,11.41%,
YEAST,YEAST,WILEY,0749-503X,1097-0061,BIOTECHNOLOGY & APPLIED MICROBIOLOGY,SCIE,"3,818",2.2,Q3,0.56,25.78%,
aBIOTECH,ABIOTECH,SPRINGERNATURE,2096-6326,2662-1738,BIOTECHNOLOGY & APPLIED MICROBIOLOGY,ESCI,379,4.6,Q1,0.63,65.48%,
npj Biofilms and Microbiomes,NPJ BIOFILMS MICROBI,NATURE PORTFOLIO,,2055-5008,BIOTECHNOLOGY & APPLIED MICROBIOLOGY,SCIE,"3,237",7.8,Q1,1.86,99.65%,
