COMPOSITES PART B-ENGINEERING,COMPOS PART B-ENG,ELSEVIER SCI LTD,1359-8368,1879-1069,"ENGINEERING, MULTIDISCIPLINARY",SCIE,"75,964",12.7,Q1,3.03,14.71%,Unnamed: 12
3c Tecnologia,3C TECNOL,3CIENCIAS,2254-4143,2254-4143,"ENGINEERING, MULTIDISCIPLINARY",ESCI,105,0.9,Q3,0.14,92.16%,
ADVANCED ENGINEERING INFORMATICS,ADV ENG INFORM,ELSEVIER SCI LTD,1474-0346,1873-5320,"ENGINEERING, MULTIDISCIPLINARY",SCIE,"10,404",8,Q1,2.05,11.12%,
ADVANCES IN ENGINEERING SOFTWARE,ADV ENG SOFTW,ELSEVIER SCI LTD,0965-9978,1873-5339,"ENGINEERING, MULTIDISCIPLINARY",SCIE,"11,210",4,Q1,1.18,13.76%,
AI EDAM-ARTIFICIAL INTELLIGENCE FOR ENGINEERING DESIGN ANALYSIS AND MANUFACTURING,AI EDAM,CAMBRIDGE UNIV PRESS,0890-0604,1469-1760,"ENGINEERING, MULTIDISCIPLINARY",SCIE,786,1.7,Q2,0.37,31.4%,
APPLIED MATHEMATICAL MODELLING,APPL MATH MODEL,ELSEVIER SCIENCE INC,0307-904X,1872-8480,"ENGINEERING, MULTIDISCIPLINARY",SCIE,"25,283",4.4,Q1,1.51,8.66%,
ARCHIVES OF COMPUTATIONAL METHODS IN ENGINEERING,ARCH COMPUT METHOD E,SPRINGER,1134-3060,1886-1784,"ENGINEERING, MULTIDISCIPLINARY",SCIE,"8,304",9.7,Q1,1.27,15.15%,
ASCE-ASME Journal of Risk and Uncertainty in Engineering Systems Part B-Mechanical Engineering,ASCE-ASME J RISK U B,ASME,2332-9017,2332-9025,"ENGINEERING, MULTIDISCIPLINARY",ESCI,442,1.8,Q2,0.72,1.64%,
ATOMIZATION AND SPRAYS,ATOMIZATION SPRAY,BEGELL HOUSE INC,1044-5110,1936-2684,"ENGINEERING, MULTIDISCIPLINARY",SCIE,"1,613",1,Q3,0.28,0%,
Acta Polytechnica,ACTA POLYTECH,CZECH TECHNICAL UNIV PRAGUE,,1805-2363,"ENGINEERING, MULTIDISCIPLINARY",ESCI,436,0.6,Q3,0.23,97.74%,
Acta Polytechnica Hungarica,ACTA POLYTECH HUNG,BUDAPEST TECH,1785-8860,1785-8860,"ENGINEERING, MULTIDISCIPLINARY",SCIE,"1,219",1.4,Q2,0.53,29.77%,
Advances in Science and Technology-Research Journal,ADV SCI TECHNOL-RES,"LUBLIN UNIV TECHNOLOGY, POLAND",2080-4075,2299-8624,"ENGINEERING, MULTIDISCIPLINARY",ESCI,835,1,Q3,0.33,99.4%,
Ain Shams Engineering Journal,AIN SHAMS ENG J,ELSEVIER,2090-4479,2090-4495,"ENGINEERING, MULTIDISCIPLINARY",SCIE,"9,498",6,Q1,2.07,98.12%,
Alexandria Engineering Journal,ALEX ENG J,ELSEVIER,1110-0168,2090-2670,"ENGINEERING, MULTIDISCIPLINARY",SCIE,"20,244",6.2,Q1,2.3,94.09%,
Applications in Engineering Science,APPL ENG SCI,ELSEVIER,2666-4968,2666-4968,"ENGINEERING, MULTIDISCIPLINARY",ESCI,278,2.2,Q2,0.52,93.8%,
Applied Mathematics in Science and Engineering,APPL MATH SCI ENG,TAYLOR & FRANCIS LTD,,2769-0911,"ENGINEERING, MULTIDISCIPLINARY",SCIE,135,1.9,Q2,0.66,91.35%,
Applied Sciences-Basel,APPL SCI-BASEL,MDPI,,2076-3417,"ENGINEERING, MULTIDISCIPLINARY",SCIE,"125,694",2.5,Q1,0.56,99.5%,
Bioinspiration & Biomimetics,BIOINSPIR BIOMIM,IOP Publishing Ltd,1748-3182,1748-3190,"ENGINEERING, MULTIDISCIPLINARY",SCIE,"4,789",3.1,Q1,0.75,28.03%,
Biomimetics,BIOMIMETICS-BASEL,MDPI,,2313-7673,"ENGINEERING, MULTIDISCIPLINARY",SCIE,"2,498",3.4,Q1,0.77,100%,
Bulletin of the Polish Academy of Sciences-Technical Sciences,B POL ACAD SCI-TECH,"POLSKA AKAD NAUK, POLISH ACAD SCI, DIV IV TECHNICAL SCIENCES PAS",0239-7528,2300-1917,"ENGINEERING, MULTIDISCIPLINARY",SCIE,"1,484",1.2,Q3,0.41,97.01%,
By exporting the selected data; you agree to the data usage policy set forth in the Terms of Use ,,,,,,,,,,,,
CMES-COMPUTER MODELING IN ENGINEERING & SCIENCES,CMES-COMP MODEL ENG,TECH SCIENCE PRESS,1526-1492,1526-1506,"ENGINEERING, MULTIDISCIPLINARY",SCIE,"3,364",2.2,Q2,0.77,99.1%,
COMBUSTION EXPLOSION AND SHOCK WAVES,COMBUST EXPLO SHOCK+,MAIK NAUKA/INTERPERIODICA/SPRINGER,0010-5082,1573-8345,"ENGINEERING, MULTIDISCIPLINARY",SCIE,"2,338",0.9,Q3,0.18,0.39%,
COMBUSTION SCIENCE AND TECHNOLOGY,COMBUST SCI TECHNOL,TAYLOR & FRANCIS INC,0010-2202,1563-521X,"ENGINEERING, MULTIDISCIPLINARY",SCIE,"7,070",1.7,Q2,0.39,4.99%,
COMPUTER APPLICATIONS IN ENGINEERING EDUCATION,COMPUT APPL ENG EDUC,WILEY,1061-3773,1099-0542,"ENGINEERING, MULTIDISCIPLINARY",SCIE,"1,947",2,Q2,0.71,16.61%,
COMPUTER METHODS IN APPLIED MECHANICS AND ENGINEERING,COMPUT METHOD APPL M,ELSEVIER SCIENCE SA,0045-7825,1879-2138,"ENGINEERING, MULTIDISCIPLINARY",SCIE,"48,296",6.9,Q1,2.12,33.94%,
Ciencia e Ingenieria,CIENC ING,"UNIV ANDES, FAC INGENIERIA",1316-7081,2244-8780,"ENGINEERING, MULTIDISCIPLINARY",ESCI,41,0.1,Q4,0.04,0%,
Cogent Engineering,COGENT ENG,TAYLOR & FRANCIS AS,2331-1916,2331-1916,"ENGINEERING, MULTIDISCIPLINARY",ESCI,"3,239",2.1,Q2,0.6,97.44%,
Combustion and Flame,COMBUST FLAME,ELSEVIER SCIENCE INC,0010-2180,1556-2921,"ENGINEERING, MULTIDISCIPLINARY",SCIE,"38,487",5.8,Q1,1.18,28.62%,
Copyright (c) 2024 Clarivate ,,,,,,,,,,,,
Cuaderno Activa,CUAD ACT,"TECNOLOGICO ANTIOQUIA-INST UNIV, FAC INGENIERIA",2027-8101,2027-8101,"ENGINEERING, MULTIDISCIPLINARY",ESCI,3,0.1,Q4,0.0,0%,
Data-Centric Engineering,DATA-CENTRIC ENG,CAMBRIDGE UNIV PRESS,,2632-6736,"ENGINEERING, MULTIDISCIPLINARY",ESCI,216,2.4,Q2,0.64,100%,
Defence Technology,DEF TECHNOL,KEAI PUBLISHING LTD,2096-3459,2214-9147,"ENGINEERING, MULTIDISCIPLINARY",SCIE,"4,446",5,Q1,1.67,95.85%,
Design Studies,DESIGN STUD,ELSEVIER SCI LTD,0142-694X,1872-6909,"ENGINEERING, MULTIDISCIPLINARY",SCIE,"3,214",3.2,Q1,1.01,48.96%,
Dyna,DYNA-BILBAO,FEDERACION ASOCIACIONES INGENIEROS INDUSTRIALES ESPANA,0012-7361,1989-1490,"ENGINEERING, MULTIDISCIPLINARY",SCIE,333,0.8,Q3,0.2,3.26%,
ENGINEERING ANALYSIS WITH BOUNDARY ELEMENTS,ENG ANAL BOUND ELEM,ELSEVIER SCI LTD,0955-7997,1873-197X,"ENGINEERING, MULTIDISCIPLINARY",SCIE,"8,105",4.2,Q1,1.41,4.45%,
ENGINEERING APPLICATIONS OF ARTIFICIAL INTELLIGENCE,ENG APPL ARTIF INTEL,PERGAMON-ELSEVIER SCIENCE LTD,0952-1976,1873-6769,"ENGINEERING, MULTIDISCIPLINARY",SCIE,"21,867",7.5,Q1,1.81,11.5%,
ENGINEERING COMPUTATIONS,ENG COMPUTATION,EMERALD GROUP PUBLISHING LTD,0264-4401,1758-7077,"ENGINEERING, MULTIDISCIPLINARY",SCIE,"2,729",1.5,Q2,1.53,0.86%,
ENGINEERING OPTIMIZATION,ENG OPTIMIZ,TAYLOR & FRANCIS LTD,0305-215X,1029-0273,"ENGINEERING, MULTIDISCIPLINARY",SCIE,"3,730",2.2,Q2,0.59,5.94%,
ENTRE CIENCIA E INGENIERIA,ENTRE CIENC ING,UNIV CATOLICA PEREIRA,1909-8367,2539-4169,"ENGINEERING, MULTIDISCIPLINARY",ESCI,54,0.3,Q4,0.05,100%,
Eksploatacja i Niezawodnosc-Maintenance and Reliability,EKSPLOAT NIEZAWODN,POLISH MAINTENANCE SOC,1507-2711,1507-2711,"ENGINEERING, MULTIDISCIPLINARY",SCIE,"1,116",2.2,Q2,0.91,99.17%,
Enfoque UTE,ENFOQUE UTE,UNIV TECNOLOGICA EQUINOCCIAL,1390-9363,1390-6542,"ENGINEERING, MULTIDISCIPLINARY",ESCI,125,0.6,Q3,0.14,98.61%,
Engineer-Journal of the Institution of Engineers Sri Lanka,ENG-J INST ENG SRI L,INST ENGINEERS SRI LANKA,1800-1122,1800-1122,"ENGINEERING, MULTIDISCIPLINARY",ESCI,202,0.4,Q4,0.1,99.28%,
Engineering,ENGINEERING-PRC,ELSEVIER,2095-8099,2096-0026,"ENGINEERING, MULTIDISCIPLINARY",SCIE,"10,178",10.1,Q1,2.83,93.6%,
Engineering Applications of Computational Fluid Mechanics,ENG APPL COMP FLUID,TAYLOR & FRANCIS LTD,1994-2060,1997-003X,"ENGINEERING, MULTIDISCIPLINARY",SCIE,"3,576",5.9,Q1,1.71,97.9%,
Engineering Journal-Thailand,ENG J-THAIL,"CHULALONGKORN UNIV, FAC ENGINEERING",0125-8281,0125-8281,"ENGINEERING, MULTIDISCIPLINARY",ESCI,907,0.9,Q3,0.28,98.14%,
Engineering Letters,ENG LET,NEWSWOOD LTD,1816-093X,1816-0948,"ENGINEERING, MULTIDISCIPLINARY",ESCI,453,0.4,Q4,0.13,0%,
Engineering Reports,ENG REP,WILEY,,2577-8196,"ENGINEERING, MULTIDISCIPLINARY",ESCI,"1,101",1.8,Q2,0.38,89.96%,
Engineering Research Express,ENG RES EXPRESS,IOP Publishing Ltd,2631-8695,2631-8695,"ENGINEERING, MULTIDISCIPLINARY",ESCI,"1,068",1.5,Q2,0.41,39.25%,
Engineering Review,ENG REV,"UNIV RIJEKA, FAC ENGINEERING",1330-9587,1849-0433,"ENGINEERING, MULTIDISCIPLINARY",ESCI,126,0.7,Q3,0.15,96.51%,
Engineering Science and Technology-An International Journal-JESTECH,ENG SCI TECHNOL,ELSEVIER - DIVISION REED ELSEVIER INDIA PVT LTD,2215-0986,2215-0986,"ENGINEERING, MULTIDISCIPLINARY",SCIE,"5,606",5.1,Q1,1.79,95.58%,
Engineering Studies,ENG STUD,"ROUTLEDGE JOURNALS, TAYLOR & FRANCIS LTD",1937-8629,1940-8374,"ENGINEERING, MULTIDISCIPLINARY",SCIE,306,2,Q2,1.05,27.78%,
Engineering Technologies and Systems,ENG TECHNOL SYST,OGAREV MORDOVIA STATE UNIV,2658-4123,2658-6525,"ENGINEERING, MULTIDISCIPLINARY",ESCI,28,0.1,Q4,0.08,91.96%,
Engineering Technology & Applied Science Research,ENG TECHNOL APPL SCI,EOS ASSOC,2241-4487,1792-8036,"ENGINEERING, MULTIDISCIPLINARY",ESCI,"2,526",,,0.55,46.48%,
FIRE TECHNOLOGY,FIRE TECHNOL,SPRINGER,0015-2684,1572-8099,"ENGINEERING, MULTIDISCIPLINARY",SCIE,"4,071",2.3,Q2,0.66,22.38%,
IEEE TRANSACTIONS ON INDUSTRY APPLICATIONS,IEEE T IND APPL,IEEE-INST ELECTRICAL ELECTRONICS ENGINEERS INC,0093-9994,1939-9367,"ENGINEERING, MULTIDISCIPLINARY",SCIE,"31,830",4.2,Q1,1.31,4.24%,
IEEE Transactions on Network Science and Engineering,IEEE T NETW SCI ENG,IEEE COMPUTER SOC,2327-4697,2327-4697,"ENGINEERING, MULTIDISCIPLINARY",SCIE,"7,033",6.7,Q1,2.42,9.55%,
IIUM Engineering Journal,IIUM ENG J,KULLIYYAH ENGINEERING,1511-788X,2289-7860,"ENGINEERING, MULTIDISCIPLINARY",ESCI,252,0.6,Q3,0.2,98.72%,
INDIAN JOURNAL OF ENGINEERING AND MATERIALS SCIENCES,INDIAN J ENG MATER S,NATL INST SCIENCE COMMUNICATION-NISCAIR,0971-4588,0975-1017,"ENGINEERING, MULTIDISCIPLINARY",SCIE,916,0.7,Q3,0.15,1.14%,
INGE CUC,INGE CUC,UNIV COSTA,0122-6517,2382-4700,"ENGINEERING, MULTIDISCIPLINARY",ESCI,51,0.3,Q4,0.03,8.33%,
INSTRUMENTS AND EXPERIMENTAL TECHNIQUES,INSTRUM EXP TECH+,MAIK NAUKA/INTERPERIODICA/SPRINGER,0020-4412,1608-3180,"ENGINEERING, MULTIDISCIPLINARY",SCIE,"1,028",0.4,Q4,0.15,6.07%,
INTEGRATED COMPUTER-AIDED ENGINEERING,INTEGR COMPUT-AID E,IOS PRESS,1069-2509,1875-8835,"ENGINEERING, MULTIDISCIPLINARY",SCIE,747,5.8,Q1,1.47,20.83%,
INTERNATIONAL JOURNAL FOR NUMERICAL METHODS IN ENGINEERING,INT J NUMER METH ENG,WILEY,0029-5981,1097-0207,"ENGINEERING, MULTIDISCIPLINARY",SCIE,"21,360",2.7,Q1,0.92,26.19%,
INTERNATIONAL JOURNAL OF ENGINEERING EDUCATION,INT J ENG EDUC,TEMPUS PUBLICATIONS,0949-149X,0949-149X,"ENGINEERING, MULTIDISCIPLINARY",SCIE,"1,756",0.7,Q3,0.35,0.25%,
INTERNATIONAL JOURNAL OF ENGINEERING SCIENCE,INT J ENG SCI,PERGAMON-ELSEVIER SCIENCE LTD,0020-7225,1879-2197,"ENGINEERING, MULTIDISCIPLINARY",SCIE,"10,401",5.7,Q1,2.18,20.14%,
INTERNATIONAL JOURNAL OF MODELLING AND SIMULATION,INT J MODEL SIMUL,TAYLOR & FRANCIS INC,0228-6203,1925-7082,"ENGINEERING, MULTIDISCIPLINARY",ESCI,914,3.1,Q1,1.2,1%,
INTERNATIONAL JOURNAL OF NONLINEAR SCIENCES AND NUMERICAL SIMULATION,INT J NONLIN SCI NUM,WALTER DE GRUYTER GMBH,1565-1339,2191-0294,"ENGINEERING, MULTIDISCIPLINARY",SCIE,"1,692",1.4,Q2,0.52,4.05%,
INTERNATIONAL JOURNAL OF PRESSURE VESSELS AND PIPING,INT J PRES VES PIP,ELSEVIER SCI LTD,0308-0161,1879-3541,"ENGINEERING, MULTIDISCIPLINARY",SCIE,"5,679",3,Q1,0.87,6.08%,
INTERNATIONAL JOURNAL OF TECHNOLOGY AND DESIGN EDUCATION,INT J TECHNOL DES ED,SPRINGER,0957-7572,1573-1804,"ENGINEERING, MULTIDISCIPLINARY",SCIE,"1,621",2,Q2,0.85,37.19%,
INTERNATIONAL JOURNAL OF TECHNOLOGY MANAGEMENT,INT J TECHNOL MANAGE,INDERSCIENCE ENTERPRISES LTD,0267-5730,1741-5276,"ENGINEERING, MULTIDISCIPLINARY",SCIE,"1,717",1.4,Q2,0.38,0.79%,
INVERSE PROBLEMS IN SCIENCE AND ENGINEERING,INVERSE PROBL SCI EN,TAYLOR & FRANCIS LTD,1741-5977,1741-5985,"ENGINEERING, MULTIDISCIPLINARY",SCIE,"1,112",1.1,Q3,0.41,2.41%,
ISA TRANSACTIONS,ISA T,ELSEVIER SCIENCE INC,0019-0578,1879-2022,"ENGINEERING, MULTIDISCIPLINARY",SCIE,"17,196",6.3,Q1,1.95,3.32%,
ISSUES IN SCIENCE AND TECHNOLOGY,ISSUES SCI TECHNOL,NATL ACAD SCIENCES,0748-5492,1938-1557,"ENGINEERING, MULTIDISCIPLINARY",SCIE,677,2.2,Q2,0.28,0%,
Ingenieria,INGENIERIA-BOGOTA,"UNIV DISTRITAL FRANCISCO JOSE DE CALDAS, CENTRO INVEST & DESARROLLO CIENT",0121-750X,2344-8393,"ENGINEERING, MULTIDISCIPLINARY",ESCI,83,0.4,Q4,0.06,88.78%,
Ingenieria Solidaria,ING SOLIDAR,"UNIV COOPERATIVE COLOMBIA, FAC ENGINEERING",1900-3102,2357-6014,"ENGINEERING, MULTIDISCIPLINARY",ESCI,74,0.4,Q4,0.07,94.81%,
Ingenieria UC,ING UC,UNIV CARABOBO,1316-6832,2610-8240,"ENGINEERING, MULTIDISCIPLINARY",ESCI,43,0.2,Q4,0.02,53.13%,
Ingenieria e Investigacion,ING INVEST,"UNIV NAC COLOMBIA, FAC INGENIERIA",0120-5609,2248-8723,"ENGINEERING, MULTIDISCIPLINARY",SCIE,385,0.6,Q3,0.25,97.53%,
Ingenieria y Competitividad,ING COMPET,"UNIV VALLE, FAC INGENIERIA",0123-3033,0123-3033,"ENGINEERING, MULTIDISCIPLINARY",ESCI,133,0.5,Q4,0.08,37.38%,
Ingenius-Revista de Ciencia y Tecnologia,INGENIUS,UNIV POLITECNICA SALESIANA ECUADOR-SALESIAN POLYTECNIC UNIV,1390-650X,1390-860X,"ENGINEERING, MULTIDISCIPLINARY",ESCI,53,0.4,Q4,0.1,98.21%,
Innovation and Emerging Technologies,INNOV EMERG TECHNOL,WORLD SCIENTIFIC PUBL CO PTE LTD,2737-5994,2810-9007,"ENGINEERING, MULTIDISCIPLINARY",ESCI,15,2.4,Q2,0.4,3.85%,
International Journal for Multiscale Computational Engineering,INT J MULTISCALE COM,BEGELL HOUSE INC,1543-1649,1940-4352,"ENGINEERING, MULTIDISCIPLINARY",SCIE,500,1.4,Q2,0.63,0%,
International Journal for Uncertainty Quantification,INT J UNCERTAIN QUAN,BEGELL HOUSE INC,2152-5080,2152-5099,"ENGINEERING, MULTIDISCIPLINARY",SCIE,548,1.5,Q2,0.57,0%,
International Journal of Advances in Engineering Sciences and Applied Mathematics,INT J ADV ENG SCI AP,SPRINGER INDIA,0975-0770,0975-5616,"ENGINEERING, MULTIDISCIPLINARY",ESCI,241,1.2,Q3,0.28,8.24%,
International Journal of Computational Methods,INT J COMP METH-SING,WORLD SCIENTIFIC PUBL CO PTE LTD,0219-8762,1793-6969,"ENGINEERING, MULTIDISCIPLINARY",SCIE,"1,521",1.4,Q2,0.51,1.89%,
International Journal of Computing Science and Mathematics,INT J COMPUT SCI MAT,INDERSCIENCE ENTERPRISES LTD,1752-5055,1752-5063,"ENGINEERING, MULTIDISCIPLINARY",ESCI,248,0.5,Q4,0.21,0%,
International Journal of Critical Infrastructure Protection,INT J CRIT INFR PROT,ELSEVIER,1874-5482,2212-2087,"ENGINEERING, MULTIDISCIPLINARY",SCIE,"1,047",4.1,Q1,1.23,18.92%,
International Journal of Critical Infrastructures,INT J CRIT INFRASTRU,INDERSCIENCE ENTERPRISES LTD,1475-3219,1741-8038,"ENGINEERING, MULTIDISCIPLINARY",ESCI,239,0.5,Q4,0.13,1.3%,
International Journal of Design,INT J DES,NATL TAIWAN UNIV SCI & TECHNOL,1991-3761,1994-036X,"ENGINEERING, MULTIDISCIPLINARY",SCIE,899,1.6,Q2,1.45,0%,
International Journal of Engineering,INT J ENG-IRAN,MATERIALS & ENERGY RESEARCH CENTER-MERC,1025-2495,1735-9244,"ENGINEERING, MULTIDISCIPLINARY",ESCI,"2,280",1.5,Q2,0.42,95.7%,
International Journal of Engineering Research in Africa,INT J ENG RES AFR,TRANS TECH PUBLICATIONS LTD,1663-3571,1663-4144,"ENGINEERING, MULTIDISCIPLINARY",ESCI,606,0.8,Q3,0.26,0.49%,
International Journal of Engineering Systems Modelling and SImulation,INT J ENG SYST MODEL,INDERSCIENCE ENTERPRISES LTD,1755-9758,1755-9766,"ENGINEERING, MULTIDISCIPLINARY",ESCI,122,0.9,Q3,0.27,0%,
International Journal of Engineering and Technology Innovation,INT J ENG TECHNOL IN,TAIWAN ASSOC ENGINEERING & TECHNOLOGY INNOVATION,2223-5329,2226-809X,"ENGINEERING, MULTIDISCIPLINARY",ESCI,202,1.3,Q3,0.29,86.81%,
International Journal of Integrated Engineering,INT J INTEGR ENG,UNIV TUN HUSSEIN ONN MALAYSIA,2229-838X,2229-838X,"ENGINEERING, MULTIDISCIPLINARY",ESCI,786,0.4,Q4,0.15,30.24%,
International Journal of Mathematical Engineering and Management Sciences,INT J MATH ENG MANAG,RAM ARTI PUBL,2455-7749,2455-7749,"ENGINEERING, MULTIDISCIPLINARY",ESCI,587,1.3,Q3,0.58,100%,
International Journal of Production Management and Engineering,INT J PROD MANAG ENG,"UNIV POLITECNICA VALENCIA, EDITORIAL UPV",2340-5317,2340-4876,"ENGINEERING, MULTIDISCIPLINARY",ESCI,118,1.3,Q3,0.33,95.65%,
International Journal of Prognostics and Health Management,INT J PROGN HEALTH M,PHM SOCIETY,2153-2648,2153-2648,"ENGINEERING, MULTIDISCIPLINARY",ESCI,428,1.4,Q2,0.35,96.63%,
International Journal of Reliability Quality and Safety Engineering,INT J RELIAB QUAL SA,WORLD SCIENTIFIC PUBL CO PTE LTD,0218-5393,1793-6446,"ENGINEERING, MULTIDISCIPLINARY",ESCI,404,0.9,Q3,0.29,0.7%,
International Journal of Structural Integrity,INT J STRUCT INTEGR,EMERALD GROUP PUBLISHING LTD,1757-9864,1757-9872,"ENGINEERING, MULTIDISCIPLINARY",ESCI,829,3.5,Q1,0.85,2.94%,
International Journal of System Assurance Engineering and Management,INT J SYST ASSUR ENG,SPRINGER INDIA,0975-6809,0976-4348,"ENGINEERING, MULTIDISCIPLINARY",ESCI,"2,566",1.6,Q2,0.55,2.12%,
International Journal of Technology,INT J TECHNOL,"UNIV INDONESIA, FAC ENGINEERING",2086-9614,2087-2100,"ENGINEERING, MULTIDISCIPLINARY",ESCI,"1,411",1.2,Q3,0.4,94.47%,
Inventions,INVENTIONS-BASEL,MDPI,,2411-5134,"ENGINEERING, MULTIDISCIPLINARY",ESCI,"1,306",2.1,Q2,0.87,99.46%,
JOHNS HOPKINS APL TECHNICAL DIGEST,J HOPKINS APL TECH D,JOHNS HOPKINS UNIV APPLIED PHYSICS LABORATORY LLC,0270-5214,1930-0530,"ENGINEERING, MULTIDISCIPLINARY",ESCI,452,0.1,Q4,0.03,0%,
JOURNAL OF ELASTICITY,J ELASTICITY,SPRINGER,0374-3535,1573-2681,"ENGINEERING, MULTIDISCIPLINARY",SCIE,"3,153",1.8,Q2,0.47,33.64%,
JOURNAL OF ENGINEERING DESIGN,J ENG DESIGN,TAYLOR & FRANCIS LTD,0954-4828,1466-1837,"ENGINEERING, MULTIDISCIPLINARY",SCIE,"1,188",2.5,Q1,0.8,20.69%,
JOURNAL OF ENGINEERING EDUCATION,J ENG EDUC,AMER SOC ENGINEERING EDUCATION,1069-4730,2168-9830,"ENGINEERING, MULTIDISCIPLINARY",SCIE,"3,166",3.9,Q1,1.36,53.28%,
JOURNAL OF ENGINEERING MATHEMATICS,J ENG MATH,SPRINGER,0022-0833,1573-2703,"ENGINEERING, MULTIDISCIPLINARY",SCIE,"2,097",1.4,Q2,0.45,25.97%,
JOURNAL OF ENGINEERING TECHNOLOGY,J ENG TECHNOL-US,AMER SOC ENGINEERING EDUCATION,0747-9964,,"ENGINEERING, MULTIDISCIPLINARY",SCIE,212,1.3,Q3,0.04,0%,
JOURNAL OF FIRE SCIENCES,J FIRE SCI,SAGE PUBLICATIONS LTD,0734-9041,1530-8049,"ENGINEERING, MULTIDISCIPLINARY",SCIE,"1,077",1.9,Q2,0.45,14.75%,
JOURNAL OF SCIENTIFIC & INDUSTRIAL RESEARCH,J SCI IND RES INDIA,NATL INST SCIENCE COMMUNICATION-NISCAIR,0022-4456,0975-1084,"ENGINEERING, MULTIDISCIPLINARY",SCIE,"1,570",0.7,Q3,0.21,47.4%,
JOURNAL OF THE AUDIO ENGINEERING SOCIETY,J AUDIO ENG SOC,AUDIO ENGINEERING SOC,1549-4950,1549-4950,"ENGINEERING, MULTIDISCIPLINARY",SCIE,"1,405",1.1,Q3,0.4,4.86%,
JOURNAL OF THE CHINESE INSTITUTE OF ENGINEERS,J CHIN INST ENG,TAYLOR & FRANCIS LTD,0253-3839,2158-7299,"ENGINEERING, MULTIDISCIPLINARY",SCIE,"1,020",1,Q3,0.34,0%,
JOURNAL OF THE FRANKLIN INSTITUTE-ENGINEERING AND APPLIED MATHEMATICS,J FRANKLIN I,PERGAMON-ELSEVIER SCIENCE LTD,0016-0032,1879-2693,"ENGINEERING, MULTIDISCIPLINARY",SCIE,"14,797",3.7,Q1,1.08,2.55%,
JOURNAL OF WOMEN AND MINORITIES IN SCIENCE AND ENGINEERING,J WOMEN MINOR SCI EN,BEGELL HOUSE INC,1072-8325,1940-431X,"ENGINEERING, MULTIDISCIPLINARY",ESCI,448,1.4,Q2,0.56,0%,
Journal of Advanced Simulation in Science and Engineering,J ADV SIMUL SCI ENG,JAPAN SOC SIMULATION TECHNOLOGY-JSST,2188-5303,2188-5303,"ENGINEERING, MULTIDISCIPLINARY",ESCI,54,0.4,Q4,0.13,59.26%,
Journal of Applied Nonlinear Dynamics,J APPL NONLINEAR DYN,"L & H SCIENTIFIC PUBLISHING, LLC",2164-6457,2164-6473,"ENGINEERING, MULTIDISCIPLINARY",ESCI,184,0.6,Q3,0.18,0%,
Journal of Applied Science and Engineering,J APPL SCI ENG,TAMKANG UNIV,2708-9967,2708-9975,"ENGINEERING, MULTIDISCIPLINARY",ESCI,716,1.1,Q3,0.38,0%,
Journal of Bionic Engineering,J BIONIC ENG,SPRINGER SINGAPORE PTE LTD,1672-6529,2543-2141,"ENGINEERING, MULTIDISCIPLINARY",SCIE,"3,956",4.9,Q1,1.04,16.03%,
Journal of Civil Engineering Education,J CIV ENG EDUC,ASCE-AMER SOC CIVIL ENGINEERS,2643-9107,2643-9115,"ENGINEERING, MULTIDISCIPLINARY",SCIE,108,1.2,Q3,0.64,4.84%,
Journal of Computational Design and Engineering,J COMPUT DES ENG,OXFORD UNIV PRESS,,2288-5048,"ENGINEERING, MULTIDISCIPLINARY",SCIE,"2,494",4.8,Q1,1.41,93.42%,
Journal of Computational Methods in Sciences and Engineering,J COMPUT METHODS SCI,IOS PRESS,1472-7978,1875-8983,"ENGINEERING, MULTIDISCIPLINARY",ESCI,433,0.5,Q4,0.15,0%,
Journal of Defense Modeling and Simulation-Applications Methodology Technology-JDMS,J DEF MODEL SIMUL-AP,SAGE PUBLICATIONS INC,1548-5129,1557-380X,"ENGINEERING, MULTIDISCIPLINARY",ESCI,388,1,Q3,0.29,5%,
Journal of Engineering,J ENG-NY,HINDAWI LTD,2314-4912,2314-4904,"ENGINEERING, MULTIDISCIPLINARY",ESCI,"1,112",1.7,Q2,0.45,100%,
Journal of Engineering Design and Technology,J ENG DES TECHNOL,EMERALD GROUP PUBLISHING LTD,1726-0531,1726-0531,"ENGINEERING, MULTIDISCIPLINARY",ESCI,"1,796",2.6,Q1,0.81,3.97%,
Journal of Engineering Research,J ENG RES-KUWAIT,ACADEMIC PUBLICATION COUNCIL,2307-1877,2307-1885,"ENGINEERING, MULTIDISCIPLINARY",SCIE,868,0.9,Q3,0.24,95.04%,
Journal of Engineering Science and Technology,J ENG SCI TECHNOL,TAYLORS UNIV SDN BHD,,1823-4690,"ENGINEERING, MULTIDISCIPLINARY",ESCI,"1,889",0.7,Q3,0.22,0%,
Journal of Engineering and Technological Sciences,J ENG TECHNOL SCI,ITB JOURNAL PUBL,2337-5779,2338-5502,"ENGINEERING, MULTIDISCIPLINARY",ESCI,535,0.9,Q3,0.3,96.17%,
Journal of Engineering-JOE,J ENG-JOE,WILEY,,2051-3305,"ENGINEERING, MULTIDISCIPLINARY",ESCI,"1,598",0.8,Q3,0.22,81.42%,
Journal of Failure Analysis and Prevention,J FAIL ANAL PREV,SPRINGERNATURE,1547-7029,1864-1245,"ENGINEERING, MULTIDISCIPLINARY",ESCI,"1,849",0.9,Q3,0.32,3.2%,
Journal of Industrial and Management Optimization,J IND MANAG OPTIM,AMER INST MATHEMATICAL SCIENCES-AIMS,1547-5816,1553-166X,"ENGINEERING, MULTIDISCIPLINARY",SCIE,"1,867",1.2,Q3,0.37,99.62%,
Journal of Integrated Design & Process Science,J INTEGR DES PROCESS,IOS PRESS,1092-0617,1875-8959,"ENGINEERING, MULTIDISCIPLINARY",ESCI,112,0.4,Q4,0.13,18.6%,
Journal of Marine Science and Technology-Taiwan,J MAR SCI TECH-TAIW,NATL TAIWAN OCEAN UNIV,1023-2796,2709-6998,"ENGINEERING, MULTIDISCIPLINARY",SCIE,750,0.4,Q4,0.13,2.56%,
Journal of Materials and Engineering Structures,J MATER ENG STRUCT,MOULOUD MAMMERI UNIV TIZI-OUZOU,2170-127X,2170-127X,"ENGINEERING, MULTIDISCIPLINARY",ESCI,172,0.4,Q4,0.15,0%,
"Journal of Nondestructive Evaluation, Diagnostics and Prognostics of Engineering Systems",J NONDESTR EVAL DIAG,ASME,2572-3901,2572-3898,"ENGINEERING, MULTIDISCIPLINARY",ESCI,256,2,Q2,0.55,2.04%,
Journal of Optimization,J OPTIM,HINDAWI LTD,2356-752X,2314-6486,"ENGINEERING, MULTIDISCIPLINARY",ESCI,76,1,Q3,0.37,100%,
Journal of Polytechnic-Politeknik Dergisi,J POLYTECH,GAZI UNIV,1302-0900,2147-9429,"ENGINEERING, MULTIDISCIPLINARY",ESCI,516,0.3,Q4,0.13,78.79%,
"Journal of Verification, Validation and Uncertainty Quantification",J VERIF VALID UNCERT,ASME,2377-2158,2377-2166,"ENGINEERING, MULTIDISCIPLINARY",ESCI,104,0.5,Q4,0.14,2.99%,
Journal of Zhejiang University-SCIENCE A,J ZHEJIANG UNIV-SC A,ZHEJIANG UNIV PRESS,1673-565X,1862-1775,"ENGINEERING, MULTIDISCIPLINARY",SCIE,"2,683",3.3,Q1,0.77,0%,
Journal of the Faculty of Engineering and Architecture of Gazi University,J FAC ENG ARCHIT GAZ,"GAZI UNIV, FAC ENGINEERING ARCHITECTURE",1300-1884,1304-4915,"ENGINEERING, MULTIDISCIPLINARY",SCIE,"1,152",1,Q3,0.34,98.1%,
Journal of the Serbian Society for Computational Mechanics,J SERB SOC COMPUT ME,SERBIAN SOC COMPUTATIONAL MECHANICS,1820-6530,1820-6530,"ENGINEERING, MULTIDISCIPLINARY",ESCI,114,0.5,Q4,0.13,96.67%,
Jurnal Kejuruteraan,J KEJURUTER,UKM PRESS,0128-0198,2289-7526,"ENGINEERING, MULTIDISCIPLINARY",ESCI,523,0.6,Q3,0.16,91.32%,
Jurnal Teknologi-Sciences & Engineering,J TEKNOL,PENERBIT UTM PRESS,0127-9696,2180-3722,"ENGINEERING, MULTIDISCIPLINARY",ESCI,"2,048",0.6,Q3,0.2,95.17%,
MEASUREMENT,MEASUREMENT,ELSEVIER SCI LTD,0263-2241,1873-412X,"ENGINEERING, MULTIDISCIPLINARY",SCIE,"42,386",5.2,Q1,1.59,9.63%,
MEASUREMENT SCIENCE and TECHNOLOGY,MEAS SCI TECHNOL,IOP Publishing Ltd,0957-0233,1361-6501,"ENGINEERING, MULTIDISCIPLINARY",SCIE,"17,986",2.7,Q1,0.78,12.71%,
Makara Journal of Technology,MAKARA J TECHNOL,"UNIV INDONESIA, FAC ENGINEERING",2355-2786,2356-4539,"ENGINEERING, MULTIDISCIPLINARY",ESCI,73,0.2,Q4,0.05,98.15%,
Mehran University Research Journal of Engineering and Technology,MEHRAN UNIV RES J EN,MEHRAN UNIV ENGINEERING & TECHNOLOGY,0254-7821,2413-7219,"ENGINEERING, MULTIDISCIPLINARY",ESCI,342,0.6,Q3,0.19,96.17%,
Memoria Investigaciones en Ingenieria,MEMORIA,"UNIV MONTEVIDEO, FAC INGENIERIA",2301-1092,2301-1106,"ENGINEERING, MULTIDISCIPLINARY",ESCI,81,0.4,Q4,0.03,98.08%,
Modelling,MODELLING-BASEL,MDPI,,2673-3951,"ENGINEERING, MULTIDISCIPLINARY",ESCI,132,1.3,Q3,0.5,100%,
Modelling and Simulation in Engineering,MOD SIMUL ENG,HINDAWI LTD,1687-5591,1687-5605,"ENGINEERING, MULTIDISCIPLINARY",ESCI,448,0.8,Q3,0.33,100%,
Multiscale and Multidisciplinary Modeling Experiments and Design,MULTISCALE MULTI MOD,SPRINGERNATURE,2520-8160,2520-8179,"ENGINEERING, MULTIDISCIPLINARY",ESCI,306,1.9,Q2,0.53,2.81%,
NOISE CONTROL ENGINEERING JOURNAL,NOISE CONTROL ENG J,INST NOISE CONTROL ENGINEERING,0736-2501,0736-2501,"ENGINEERING, MULTIDISCIPLINARY",SCIE,549,0.3,Q4,0.12,0%,
Nexo Revista Cientifica,NEXO REV CIENT,UNIV NACL INGENIERIA,1818-6742,1995-9516,"ENGINEERING, MULTIDISCIPLINARY",ESCI,108,0.2,Q4,0.09,55.89%,
OPTIMIZATION AND ENGINEERING,OPTIM ENG,SPRINGER,1389-4420,1573-2924,"ENGINEERING, MULTIDISCIPLINARY",SCIE,"1,572",2,Q2,0.61,30.74%,
Open Engineering,OPEN ENG,DE GRUYTER POLAND SP Z O O,2391-5439,2391-5439,"ENGINEERING, MULTIDISCIPLINARY",ESCI,"1,123",1.5,Q2,0.46,97.41%,
PRECISION ENGINEERING-JOURNAL OF THE INTERNATIONAL SOCIETIES FOR PRECISION ENGINEERING AND NANOTECHNOLOGY,PRECIS ENG,ELSEVIER SCIENCE INC,0141-6359,1873-2372,"ENGINEERING, MULTIDISCIPLINARY",SCIE,"7,111",3.5,Q1,0.81,17.44%,
Pamukkale University Journal of Engineering Sciences-Pamukkale Universitesi Muhendislik Bilimleri Dergisi,PAMUKKALE U J ENG SC,PAMUKKALE UNIV,1300-7009,2147-5881,"ENGINEERING, MULTIDISCIPLINARY",ESCI,440,0.4,Q4,0.14,100%,
Proceedings of the Institution of Mechanical Engineers Part O-Journal of Risk and Reliability,P I MECH ENG O-J RIS,SAGE PUBLICATIONS LTD,1748-006X,1748-0078,"ENGINEERING, MULTIDISCIPLINARY",SCIE,"1,277",1.7,Q2,0.39,3.58%,
QUALITY AND RELIABILITY ENGINEERING INTERNATIONAL,QUAL RELIAB ENG INT,WILEY,0748-8017,1099-1638,"ENGINEERING, MULTIDISCIPLINARY",SCIE,"4,300",2.2,Q2,0.56,8.69%,
RESEARCH IN ENGINEERING DESIGN,RES ENG DES,SPRINGER HEIDELBERG,0934-9839,1435-6066,"ENGINEERING, MULTIDISCIPLINARY",SCIE,989,2.3,Q2,0.51,42.65%,
Results in Engineering,RESULTS ENG,ELSEVIER,2590-1230,2590-1230,"ENGINEERING, MULTIDISCIPLINARY",ESCI,"6,302",6,Q1,1.87,92.46%,
Revista Cubana de Ingenieria,REV CUBA ING,INST SUPERIOR POLITECNICO JOSE ANTONIO ECHEVERRIA,2223-1781,2223-1781,"ENGINEERING, MULTIDISCIPLINARY",ESCI,24,0.2,Q4,0.06,0%,
Revista Digital Lampsakos,REV DIGIT LAMPSAKOS,UNIV CATOLICA LUIS AMIGO,2145-4086,2145-4086,"ENGINEERING, MULTIDISCIPLINARY",ESCI,7,<0.1,Q4,0.08,100%,
Revista Educacion en Ingenieria,REV EDUC ING,"ASOC COLOMBIANA, FAC INGENIERIAS",1900-8260,1900-8260,"ENGINEERING, MULTIDISCIPLINARY",ESCI,48,0.2,Q4,0.03,92.45%,
"Revista Facultad de Ingenieria, Universidad Pedagogica y Tecnologica de Colombia",REV FAC ING-UPTC,UNIV PEDAGOGICA & TECNOLOGICA COLOMBIA,0121-1129,2357-5328,"ENGINEERING, MULTIDISCIPLINARY",ESCI,112,0.2,Q4,0.08,82.05%,
Revista Facultad de Ingenieria-Universidad de Antioquia,REV FAC ING-UNIV ANT,IMPRENTA UNIV ANTIOQUIA,0120-6230,2422-2844,"ENGINEERING, MULTIDISCIPLINARY",ESCI,369,0.9,Q3,0.33,88.52%,
Revista Internacional de Metodos Numericos para Calculo y Diseno en Ingenieria,REV INT METOD NUMER,SCIPEDIA S L,0213-1315,,"ENGINEERING, MULTIDISCIPLINARY",SCIE,127,0.3,Q4,0.11,96.38%,
Revista Iteckne,REV ITECKNE,UNIV SANTO TOMAS,1692-1798,2339-3483,"ENGINEERING, MULTIDISCIPLINARY",ESCI,36,0.5,Q4,0.05,87.88%,
SADHANA-ACADEMY PROCEEDINGS IN ENGINEERING SCIENCES,SADHANA-ACAD P ENG S,SPRINGER INDIA,0256-2499,0973-7677,"ENGINEERING, MULTIDISCIPLINARY",SCIE,"3,273",1.4,Q2,0.43,0.12%,
SAMPE JOURNAL,SAMPE J,SAMPE PUBLISHERS,0091-1062,,"ENGINEERING, MULTIDISCIPLINARY",SCIE,134,0.2,Q4,0.04,0%,
SCIENCE AND ENGINEERING ETHICS,SCI ENG ETHICS,SPRINGER,1353-3452,1471-5546,"ENGINEERING, MULTIDISCIPLINARY",SCIE,"3,127",2.7,Q1,2.59,64.46%,
STRUCTURAL AND MULTIDISCIPLINARY OPTIMIZATION,STRUCT MULTIDISCIP O,SPRINGER,1615-147X,1615-1488,"ENGINEERING, MULTIDISCIPLINARY",SCIE,"15,057",3.6,Q1,0.96,18.06%,
STRUCTURAL HEALTH MONITORING-AN INTERNATIONAL JOURNAL,STRUCT HEALTH MONIT,SAGE PUBLICATIONS LTD,1475-9217,1741-3168,"ENGINEERING, MULTIDISCIPLINARY",SCIE,"8,941",5.7,Q1,1.62,8.33%,
Science & Technique,SCI TECH-BEL,BELARUSIAN NATL TECHNICAL UNIV,2227-1031,2227-1031,"ENGINEERING, MULTIDISCIPLINARY",ESCI,171,0.3,Q4,0.06,91.53%,
Science China-Technological Sciences,SCI CHINA TECHNOL SC,SCIENCE PRESS,1674-7321,1869-1900,"ENGINEERING, MULTIDISCIPLINARY",SCIE,"8,679",4.4,Q1,1.03,0.13%,
Scientia Iranica,SCI IRAN,SHARIF UNIV TECHNOLOGY,1026-3098,,"ENGINEERING, MULTIDISCIPLINARY",SCIE,"3,807",1.4,Q2,0.47,82.43%,
Sigma Journal of Engineering and Natural Sciences-Sigma Muhendislik ve Fen Bilimleri Dergisi,SIGMA J ENG NAT SCI,YILDIZ TECHNICAL UNIV,1304-7205,1304-7191,"ENGINEERING, MULTIDISCIPLINARY",ESCI,511,0.6,Q3,0.16,84.38%,
Structural Integrity and Life-Integritet I Vek Konstrukcija,STRUCT INTEGR LIFE,SOC STRUCTURAL INTEGRITY & LIFE,1451-3749,1820-7863,"ENGINEERING, MULTIDISCIPLINARY",ESCI,264,0.9,Q3,0.21,0%,
TEHNICKI GLASNIK-TECHNICAL JOURNAL,TEH GLAS,UNIV NORTH,1846-6168,1848-5588,"ENGINEERING, MULTIDISCIPLINARY",ESCI,279,0.7,Q3,0.23,99.21%,
Tecciencia,TECCIENCIA,UNIV ECCI,1909-3667,2422-3670,"ENGINEERING, MULTIDISCIPLINARY",ESCI,56,0.7,Q3,0.17,80.77%,
Technologies,TECHNOLOGIES,MDPI,,2227-7080,"ENGINEERING, MULTIDISCIPLINARY",ESCI,"2,172",4.2,Q1,0.9,99.75%,
Tehnicki Vjesnik-Technical Gazette,TEH VJESN,"UNIV OSIJEK, TECH FAC",1330-3651,1848-6339,"ENGINEERING, MULTIDISCIPLINARY",SCIE,"1,958",1,Q3,0.3,99.74%,
UIS Ingenierias,UIS ING,UNIV INDUSTRIAL SANTANDER,1657-4583,2145-8456,"ENGINEERING, MULTIDISCIPLINARY",ESCI,109,0.3,Q4,0.06,98.09%,
World Journal of Engineering,WORLD J ENG,EMERALD GROUP PUBLISHING LTD,1708-5284,1708-5284,"ENGINEERING, MULTIDISCIPLINARY",ESCI,949,1.4,Q2,0.49,0.6%,
