NATURE MEDICINE,NAT MED,NATURE PORTFOLIO,1078-8956,1546-170X,BIOCHEMISTRY & MOLECULAR BIOLOGY,SCIE,"129,261",58.7,Q1,13.63,47.38%,Unnamed: 12
ACS Bio & Med Chem Au,ACS BIO MED CHEM AU,AMER CHEMICAL SOC,,2694-2437,BIOCHEMISTRY & MOLECULAR BIOLOGY,ESCI,278,3.8,Q2,1.03,69.09%,
ACS Chemical Biology,ACS CHEM BIOL,AMER CHEMICAL SOC,1554-8929,1554-8937,BIOCHEMISTRY & MOLECULAR BIOLOGY,SCIE,"15,624",3.5,Q2,0.78,14.94%,
ACS Chemical Neuroscience,ACS CHEM NEUROSCI,AMER CHEMICAL SOC,1948-7193,1948-7193,BIOCHEMISTRY & MOLECULAR BIOLOGY,SCIE,"12,344",4.1,Q2,0.98,20.13%,
ACTA BIOCHIMICA ET BIOPHYSICA SINICA,ACTA BIOCH BIOPH SIN,SCIENCE PRESS,1672-9145,1745-7270,BIOCHEMISTRY & MOLECULAR BIOLOGY,SCIE,"5,355",3.3,Q2,0.73,59.32%,
ACTA BIOCHIMICA POLONICA,ACTA BIOCHIM POL,ACTA BIOCHIMICA POLONICA,0001-527X,1734-154X,BIOCHEMISTRY & MOLECULAR BIOLOGY,SCIE,"3,159",1.4,Q4,0.3,97.14%,
ADDICTION BIOLOGY,ADDICT BIOL,WILEY,1355-6215,1369-1600,BIOCHEMISTRY & MOLECULAR BIOLOGY,SCIE,"4,722",3.1,Q3,0.8,31.93%,
AIMS Molecular Science,AIMS MOL SCI,AMER INST MATHEMATICAL SCIENCES-AIMS,2372-0301,2372-0301,BIOCHEMISTRY & MOLECULAR BIOLOGY,ESCI,171,0.7,Q4,0.11,100%,
AMERICAN JOURNAL OF RESPIRATORY CELL AND MOLECULAR BIOLOGY,AM J RESP CELL MOL,AMER THORACIC SOC,1044-1549,1535-4989,BIOCHEMISTRY & MOLECULAR BIOLOGY,SCIE,"13,200",5.9,Q1,1.25,12.42%,
AMINO ACIDS,AMINO ACIDS,SPRINGER WIEN,0939-4451,1438-2199,BIOCHEMISTRY & MOLECULAR BIOLOGY,SCIE,"10,368",3.0,Q3,0.6,25.64%,
AMYLOID-JOURNAL OF PROTEIN FOLDING DISORDERS,AMYLOID,TAYLOR & FRANCIS LTD,1350-6129,1744-2818,BIOCHEMISTRY & MOLECULAR BIOLOGY,SCIE,"2,221",5.2,Q1,1.18,31.25%,
ANALYTICAL BIOCHEMISTRY,ANAL BIOCHEM,ACADEMIC PRESS INC ELSEVIER SCIENCE,0003-2697,1096-0309,BIOCHEMISTRY & MOLECULAR BIOLOGY,SCIE,"33,894",2.6,Q3,0.68,16.48%,
ANTIOXIDANTS & REDOX SIGNALING,ANTIOXID REDOX SIGN,"MARY ANN LIEBERT, INC",1523-0864,1557-7716,BIOCHEMISTRY & MOLECULAR BIOLOGY,SCIE,"24,610",5.9,Q1,1.36,11.43%,
APOPTOSIS,APOPTOSIS,SPRINGER,1360-8185,1573-675X,BIOCHEMISTRY & MOLECULAR BIOLOGY,SCIE,"6,525",6.1,Q1,0.85,16.8%,
APPLIED BIOCHEMISTRY AND BIOTECHNOLOGY,APPL BIOCHEM BIOTECH,SPRINGER,0273-2289,1559-0291,BIOCHEMISTRY & MOLECULAR BIOLOGY,SCIE,"14,612",3.1,Q3,0.67,4.16%,
ARCHIVES OF BIOCHEMISTRY AND BIOPHYSICS,ARCH BIOCHEM BIOPHYS,ELSEVIER SCIENCE INC,0003-9861,1096-0384,BIOCHEMISTRY & MOLECULAR BIOLOGY,SCIE,"22,393",3.8,Q2,0.83,19.97%,
ARCHIVES OF INSECT BIOCHEMISTRY AND PHYSIOLOGY,ARCH INSECT BIOCHEM,WILEY,0739-4462,1520-6327,BIOCHEMISTRY & MOLECULAR BIOLOGY,SCIE,"2,337",1.5,Q4,0.61,4.72%,
Acta Crystallographica Section D-Structural Biology,ACTA CRYSTALLOGR D,INT UNION CRYSTALLOGRAPHY,2059-7983,2059-7983,BIOCHEMISTRY & MOLECULAR BIOLOGY,SCIE,"19,850",2.6,Q3,0.77,67.32%,
Acta Crystallographica Section F-Structural Biology Communications,ACTA CRYSTALLOGR F,INT UNION CRYSTALLOGRAPHY,,2053-230X,BIOCHEMISTRY & MOLECULAR BIOLOGY,SCIE,"1,855",1.1,Q4,0.31,46.31%,
Animal Models and Experimental Medicine,ANIM MODEL EXP MED,WILEY,2096-5451,2576-2095,BIOCHEMISTRY & MOLECULAR BIOLOGY,ESCI,858,3.8,Q2,0.68,74.86%,
Annual Review of Biochemistry,ANNU REV BIOCHEM,ANNUAL REVIEWS,0066-4154,1545-4509,BIOCHEMISTRY & MOLECULAR BIOLOGY,SCIE,"21,005",12.1,Q1,1.71,29.49%,
Antioxidants,ANTIOXIDANTS-BASEL,MDPI,,2076-3921,BIOCHEMISTRY & MOLECULAR BIOLOGY,SCIE,"48,845",6.0,Q1,1.21,99.5%,
BIOCATALYSIS AND BIOTRANSFORMATION,BIOCATAL BIOTRANSFOR,TAYLOR & FRANCIS LTD,1024-2422,1029-2446,BIOCHEMISTRY & MOLECULAR BIOLOGY,SCIE,"1,188",1.4,Q4,0.34,1.44%,
BIOCHEMICAL AND BIOPHYSICAL RESEARCH COMMUNICATIONS,BIOCHEM BIOPH RES CO,ACADEMIC PRESS INC ELSEVIER SCIENCE,0006-291X,1090-2104,BIOCHEMISTRY & MOLECULAR BIOLOGY,SCIE,"85,993",2.5,Q3,0.67,23.88%,
BIOCHEMICAL GENETICS,BIOCHEM GENET,SPRINGER/PLENUM PUBLISHERS,0006-2928,1573-4927,BIOCHEMISTRY & MOLECULAR BIOLOGY,SCIE,"1,903",2.1,Q4,0.52,7.17%,
BIOCHEMICAL JOURNAL,BIOCHEM J,PORTLAND PRESS LTD,0264-6021,1470-8728,BIOCHEMISTRY & MOLECULAR BIOLOGY,SCIE,"39,718",4.4,Q2,0.66,81.7%,
BIOCHEMICAL SOCIETY TRANSACTIONS,BIOCHEM SOC T,PORTLAND PRESS LTD,0300-5127,1470-8752,BIOCHEMISTRY & MOLECULAR BIOLOGY,SCIE,"13,414",3.8,Q2,0.44,54.36%,
BIOCHEMICAL SYSTEMATICS AND ECOLOGY,BIOCHEM SYST ECOL,PERGAMON-ELSEVIER SCIENCE LTD,0305-1978,1873-2925,BIOCHEMISTRY & MOLECULAR BIOLOGY,SCIE,"4,583",1.4,Q4,0.38,5%,
BIOCHEMISTRY,BIOCHEMISTRY-US,AMER CHEMICAL SOC,0006-2960,1520-4995,BIOCHEMISTRY & MOLECULAR BIOLOGY,SCIE,"58,059",2.9,Q3,0.57,13.96%,
BIOCHEMISTRY AND MOLECULAR BIOLOGY EDUCATION,BIOCHEM MOL BIOL EDU,WILEY,1470-8175,1539-3429,BIOCHEMISTRY & MOLECULAR BIOLOGY,SCIE,"1,386",1.2,Q4,0.38,24.31%,
BIOCHEMISTRY-MOSCOW,BIOCHEMISTRY-MOSCOW+,MAIK NAUKA/INTERPERIODICA/SPRINGER,0006-2979,1608-3040,BIOCHEMISTRY & MOLECULAR BIOLOGY,SCIE,"5,102",2.3,Q3,0.36,14.55%,
BIOCHIMICA ET BIOPHYSICA ACTA-BIOENERGETICS,BBA-BIOENERGETICS,ELSEVIER,0005-2728,1879-2650,BIOCHEMISTRY & MOLECULAR BIOLOGY,SCIE,"11,832",3.4,Q2,0.83,81.04%,
BIOCHIMICA ET BIOPHYSICA ACTA-BIOMEMBRANES,BBA-BIOMEMBRANES,ELSEVIER,0005-2736,1879-2642,BIOCHEMISTRY & MOLECULAR BIOLOGY,SCIE,"17,216",2.8,Q3,0.71,75.48%,
BIOCHIMICA ET BIOPHYSICA ACTA-GENERAL SUBJECTS,BBA-GEN SUBJECTS,ELSEVIER,0304-4165,1872-8006,BIOCHEMISTRY & MOLECULAR BIOLOGY,SCIE,"14,581",2.8,Q3,0.63,19.84%,
BIOCHIMICA ET BIOPHYSICA ACTA-MOLECULAR AND CELL BIOLOGY OF LIPIDS,BBA-MOL CELL BIOL L,ELSEVIER,1388-1981,1879-2618,BIOCHEMISTRY & MOLECULAR BIOLOGY,SCIE,"11,224",3.9,Q2,0.78,36.06%,
BIOCHIMICA ET BIOPHYSICA ACTA-MOLECULAR BASIS OF DISEASE,BBA-MOL BASIS DIS,ELSEVIER,0925-4439,1879-260X,BIOCHEMISTRY & MOLECULAR BIOLOGY,SCIE,"19,532",4.2,Q2,0.96,63.73%,
BIOCHIMICA ET BIOPHYSICA ACTA-MOLECULAR CELL RESEARCH,BBA-MOL CELL RES,ELSEVIER,0167-4889,1879-2596,BIOCHEMISTRY & MOLECULAR BIOLOGY,SCIE,"17,409",4.6,Q1,0.71,69.32%,
BIOCHIMICA ET BIOPHYSICA ACTA-PROTEINS AND PROTEOMICS,BBA-PROTEINS PROTEOM,ELSEVIER,1570-9639,1878-1454,BIOCHEMISTRY & MOLECULAR BIOLOGY,SCIE,"7,434",2.5,Q3,0.57,18.72%,
BIOCHIMICA ET BIOPHYSICA ACTA-REVIEWS ON CANCER,BBA-REV CANCER,ELSEVIER,0304-419X,1879-2561,BIOCHEMISTRY & MOLECULAR BIOLOGY,SCIE,"9,799",9.7,Q1,1.33,22.22%,
BIOCHIMIE,BIOCHIMIE,ELSEVIER FRANCE-EDITIONS SCIENTIFIQUES MEDICALES ELSEVIER,0300-9084,1638-6183,BIOCHEMISTRY & MOLECULAR BIOLOGY,SCIE,"11,988",3.3,Q2,0.7,22.58%,
BIOCONJUGATE CHEMISTRY,BIOCONJUGATE CHEM,AMER CHEMICAL SOC,1043-1802,1520-4812,BIOCHEMISTRY & MOLECULAR BIOLOGY,SCIE,"15,811",4.0,Q2,0.89,13.9%,
BIOELECTROCHEMISTRY,BIOELECTROCHEMISTRY,ELSEVIER SCIENCE SA,1567-5394,1878-562X,BIOCHEMISTRY & MOLECULAR BIOLOGY,SCIE,"7,313",4.8,Q1,1.16,19.21%,
BIOESSAYS,BIOESSAYS,WILEY,0265-9247,1521-1878,BIOCHEMISTRY & MOLECULAR BIOLOGY,SCIE,"10,084",3.2,Q2,0.72,45.13%,
BIOFACTORS,BIOFACTORS,WILEY,0951-6433,1872-8081,BIOCHEMISTRY & MOLECULAR BIOLOGY,SCIE,"5,517",5.0,Q1,0.87,18.68%,
BIOINORGANIC CHEMISTRY AND APPLICATIONS,BIOINORG CHEM APPL,HINDAWI LTD,1565-3633,1687-479X,BIOCHEMISTRY & MOLECULAR BIOLOGY,SCIE,"2,327",4.7,Q1,1.09,99.48%,
BIOLOGICAL CHEMISTRY,BIOL CHEM,WALTER DE GRUYTER GMBH,1431-6730,1437-4315,BIOCHEMISTRY & MOLECULAR BIOLOGY,SCIE,"6,667",2.9,Q3,0.49,42.47%,
BIOLOGICAL TRACE ELEMENT RESEARCH,BIOL TRACE ELEM RES,SPRINGERNATURE,0163-4984,1559-0720,BIOCHEMISTRY & MOLECULAR BIOLOGY,SCIE,"17,010",3.4,Q2,0.81,10%,
BIOMACROMOLECULES,BIOMACROMOLECULES,AMER CHEMICAL SOC,1525-7797,1526-4602,BIOCHEMISTRY & MOLECULAR BIOLOGY,SCIE,"39,295",5.5,Q1,1.32,14.84%,
BIOMEDICAL CHROMATOGRAPHY,BIOMED CHROMATOGR,WILEY,0269-3879,1099-0801,BIOCHEMISTRY & MOLECULAR BIOLOGY,SCIE,"5,273",1.8,Q4,0.44,3.31%,
BIOMETALS,BIOMETALS,SPRINGER,0966-0844,1572-8773,BIOCHEMISTRY & MOLECULAR BIOLOGY,SCIE,"5,192",4.1,Q2,0.77,15.25%,
BIOORGANIC & MEDICINAL CHEMISTRY,BIOORGAN MED CHEM,PERGAMON-ELSEVIER SCIENCE LTD,0968-0896,1464-3391,BIOCHEMISTRY & MOLECULAR BIOLOGY,SCIE,"28,125",3.3,Q2,0.83,17.64%,
BIOORGANIC CHEMISTRY,BIOORG CHEM,ACADEMIC PRESS INC ELSEVIER SCIENCE,0045-2068,1090-2120,BIOCHEMISTRY & MOLECULAR BIOLOGY,SCIE,"21,018",4.5,Q1,1.15,6%,
BIOPHYSICAL CHEMISTRY,BIOPHYS CHEM,ELSEVIER,0301-4622,1873-4200,BIOCHEMISTRY & MOLECULAR BIOLOGY,SCIE,"4,504",3.3,Q2,0.68,16.72%,
BIOPOLYMERS,BIOPOLYMERS,WILEY,0006-3525,1097-0282,BIOCHEMISTRY & MOLECULAR BIOLOGY,SCIE,"7,937",3.2,Q2,0.54,15.91%,
BIOSCIENCE BIOTECHNOLOGY AND BIOCHEMISTRY,BIOSCI BIOTECH BIOCH,OXFORD UNIV PRESS,0916-8451,1347-6947,BIOCHEMISTRY & MOLECULAR BIOLOGY,SCIE,"13,250",1.4,Q4,0.3,10.14%,
BIOSCIENCE REPORTS,BIOSCIENCE REP,PORTLAND PRESS LTD,0144-8463,1573-4935,BIOCHEMISTRY & MOLECULAR BIOLOGY,SCIE,"12,048",3.8,Q2,0.56,99.2%,
BIOTECHNIQUES,BIOTECHNIQUES,FUTURE SCI LTD,0736-6205,1940-9818,BIOCHEMISTRY & MOLECULAR BIOLOGY,SCIE,"6,141",2.2,Q4,0.44,100%,
BIOTECHNOLOGY AND APPLIED BIOCHEMISTRY,BIOTECHNOL APPL BIOC,WILEY,0885-4513,1470-8744,BIOCHEMISTRY & MOLECULAR BIOLOGY,SCIE,"3,859",3.2,Q2,0.54,3.2%,
BMB Reports,BMB REP,KOREAN SOCIETY BIOCHEMISTRY & MOLECULAR BIOLOGY,1976-6696,1976-670X,BIOCHEMISTRY & MOLECULAR BIOLOGY,SCIE,"4,052",2.9,Q3,0.48,96.76%,
Biochemistry Moscow-Supplement Series B-Biomedical Chemistry,BIOCHEM MOSC SUPPL B,MAIK NAUKA-INTERPERIODICA,1990-7508,1990-7516,BIOCHEMISTRY & MOLECULAR BIOLOGY,ESCI,195,0.6,Q4,0.09,2.13%,
Biochemistry and Biophysics Reports,BIOCHEM BIOPHYS REP,ELSEVIER,2405-5808,2405-5808,BIOCHEMISTRY & MOLECULAR BIOLOGY,ESCI,"3,075",2.3,Q3,0.48,94.09%,
Biochemistry and Cell Biology,BIOCHEM CELL BIOL,CANADIAN SCIENCE PUBLISHING,0829-8211,1208-6002,BIOCHEMISTRY & MOLECULAR BIOLOGY,SCIE,"3,059",2.4,Q3,0.52,11.76%,
Biochimica et Biophysica Acta-Gene Regulatory Mechanisms,BBA-GENE REGUL MECH,ELSEVIER,1874-9399,1876-4320,BIOCHEMISTRY & MOLECULAR BIOLOGY,SCIE,"6,824",2.6,Q3,0.71,28.57%,
Bioelectricity,BIOELECTRICITY,"MARY ANN LIEBERT, INC",2576-3105,2576-3113,BIOCHEMISTRY & MOLECULAR BIOLOGY,ESCI,273,1.6,Q4,0.27,8.64%,
Biomedical Journal,BIOMED J,ELSEVIER,2319-4170,2320-2890,BIOCHEMISTRY & MOLECULAR BIOLOGY,SCIE,"2,865",4.1,Q2,0.95,99.27%,
Biomedicines,BIOMEDICINES,MDPI,,2227-9059,BIOCHEMISTRY & MOLECULAR BIOLOGY,SCIE,"28,411",3.9,Q2,0.88,99.65%,
Biomolecules,BIOMOLECULES,MDPI,,2218-273X,BIOCHEMISTRY & MOLECULAR BIOLOGY,SCIE,"38,384",4.8,Q1,0.79,99.63%,
By exporting the selected data; you agree to the data usage policy set forth in the Terms of Use ,,,,,,,,,,,,
CELL,CELL,CELL PRESS,0092-8674,1097-4172,BIOCHEMISTRY & MOLECULAR BIOLOGY,SCIE,"305,198",45.5,Q1,10.01,83.5%,
CELL BIOCHEMISTRY AND BIOPHYSICS,CELL BIOCHEM BIOPHYS,HUMANA PRESS INC,1085-9195,1559-0283,BIOCHEMISTRY & MOLECULAR BIOLOGY,SCIE,"3,579",1.8,Q4,0.4,10.62%,
CELL BIOCHEMISTRY AND FUNCTION,CELL BIOCHEM FUNCT,WILEY,0263-6484,1099-0844,BIOCHEMISTRY & MOLECULAR BIOLOGY,SCIE,"3,055",2.8,Q3,0.49,6.44%,
CELL DEATH AND DIFFERENTIATION,CELL DEATH DIFFER,SPRINGERNATURE,1350-9047,1476-5403,BIOCHEMISTRY & MOLECULAR BIOLOGY,SCIE,"30,898",13.7,Q1,1.97,49.8%,
CELLULAR & MOLECULAR BIOLOGY LETTERS,CELL MOL BIOL LETT,BMC,1425-8153,1689-1392,BIOCHEMISTRY & MOLECULAR BIOLOGY,SCIE,"4,030",9.2,Q1,1.48,100%,
CELLULAR AND MOLECULAR BIOLOGY,CELL MOL BIOL,C M B ASSOC,0145-5680,1165-158X,BIOCHEMISTRY & MOLECULAR BIOLOGY,SCIE,"3,305",1.5,Q4,0.24,97.98%,
CELLULAR AND MOLECULAR LIFE SCIENCES,CELL MOL LIFE SCI,SPRINGER BASEL AG,1420-682X,1420-9071,BIOCHEMISTRY & MOLECULAR BIOLOGY,SCIE,"36,916",6.2,Q1,0.94,51.15%,
CHEMBIOCHEM,CHEMBIOCHEM,WILEY-V C H VERLAG GMBH,1439-4227,1439-7633,BIOCHEMISTRY & MOLECULAR BIOLOGY,SCIE,"13,112",2.6,Q3,0.62,35.75%,
CHEMICO-BIOLOGICAL INTERACTIONS,CHEM-BIOL INTERACT,ELSEVIER IRELAND LTD,0009-2797,1872-7786,BIOCHEMISTRY & MOLECULAR BIOLOGY,SCIE,"17,009",4.7,Q1,1.16,11.7%,
CHEMISTRY & BIODIVERSITY,CHEM BIODIVERS,WILEY-V C H VERLAG GMBH,1612-1872,1612-1880,BIOCHEMISTRY & MOLECULAR BIOLOGY,SCIE,"8,020",2.3,Q3,0.44,4.25%,
CHEMISTRY AND PHYSICS OF LIPIDS,CHEM PHYS LIPIDS,ELSEVIER IRELAND LTD,0009-3084,1873-2941,BIOCHEMISTRY & MOLECULAR BIOLOGY,SCIE,"4,765",3.4,Q2,0.69,21.43%,
CHEMOECOLOGY,CHEMOECOLOGY,SPRINGER BASEL AG,0937-7409,1423-0445,BIOCHEMISTRY & MOLECULAR BIOLOGY,SCIE,"1,181",1.6,Q4,0.41,26.79%,
CHROMOSOMA,CHROMOSOMA,SPRINGER,0009-5915,1432-0886,BIOCHEMISTRY & MOLECULAR BIOLOGY,SCIE,"2,880",2.5,Q3,0.55,45%,
CHROMOSOME RESEARCH,CHROMOSOME RES,SPRINGER,0967-3849,1573-6849,BIOCHEMISTRY & MOLECULAR BIOLOGY,SCIE,"2,064",2.4,Q3,0.56,34.83%,
COMPARATIVE BIOCHEMISTRY AND PHYSIOLOGY A-MOLECULAR & INTEGRATIVE PHYSIOLOGY,COMP BIOCHEM PHYS A,ELSEVIER SCIENCE INC,1095-6433,1531-4332,BIOCHEMISTRY & MOLECULAR BIOLOGY,SCIE,"10,009",2.1,Q4,0.91,30.27%,
COMPARATIVE BIOCHEMISTRY AND PHYSIOLOGY B-BIOCHEMISTRY & MOLECULAR BIOLOGY,COMP BIOCHEM PHYS B,ELSEVIER SCIENCE INC,1096-4959,1879-1107,BIOCHEMISTRY & MOLECULAR BIOLOGY,SCIE,"6,155",1.9,Q4,0.75,13.41%,
COMPARATIVE BIOCHEMISTRY AND PHYSIOLOGY C-TOXICOLOGY & PHARMACOLOGY,COMP BIOCHEM PHYS C,ELSEVIER SCIENCE INC,1532-0456,1878-1659,BIOCHEMISTRY & MOLECULAR BIOLOGY,SCIE,"8,368",3.9,Q2,1.32,10.24%,
CRITICAL REVIEWS IN BIOCHEMISTRY AND MOLECULAR BIOLOGY,CRIT REV BIOCHEM MOL,TAYLOR & FRANCIS LTD,1040-9238,1549-7798,BIOCHEMISTRY & MOLECULAR BIOLOGY,SCIE,"3,999",6.2,Q1,0.65,23.21%,
CURRENT BIOLOGY,CURR BIOL,CELL PRESS,0960-9822,1879-0445,BIOCHEMISTRY & MOLECULAR BIOLOGY,SCIE,"76,536",8.1,Q1,1.58,82.44%,
CURRENT DRUG METABOLISM,CURR DRUG METAB,BENTHAM SCIENCE PUBL LTD,1389-2002,1875-5453,BIOCHEMISTRY & MOLECULAR BIOLOGY,SCIE,"4,301",2.1,Q4,0.35,0.78%,
CURRENT GENOMICS,CURR GENOMICS,BENTHAM SCIENCE PUBL LTD,1389-2029,1875-5488,BIOCHEMISTRY & MOLECULAR BIOLOGY,SCIE,"2,328",1.8,Q4,0.34,0.92%,
CURRENT ISSUES IN MOLECULAR BIOLOGY,CURR ISSUES MOL BIOL,MDPI,1467-3037,1467-3045,BIOCHEMISTRY & MOLECULAR BIOLOGY,SCIE,"3,197",2.8,Q3,0.53,99.6%,
CURRENT MEDICINAL CHEMISTRY,CURR MED CHEM,BENTHAM SCIENCE PUBL LTD,0929-8673,1875-533X,BIOCHEMISTRY & MOLECULAR BIOLOGY,SCIE,"20,286",3.5,Q2,0.58,0.31%,
CURRENT OPINION IN CHEMICAL BIOLOGY,CURR OPIN CHEM BIOL,ELSEVIER SCI LTD,1367-5931,1879-0402,BIOCHEMISTRY & MOLECULAR BIOLOGY,SCIE,"10,868",6.9,Q1,0.9,41.27%,
CURRENT OPINION IN LIPIDOLOGY,CURR OPIN LIPIDOL,LIPPINCOTT WILLIAMS & WILKINS,0957-9672,1473-6535,BIOCHEMISTRY & MOLECULAR BIOLOGY,SCIE,"3,994",3.8,Q2,0.6,18.25%,
CURRENT OPINION IN STRUCTURAL BIOLOGY,CURR OPIN STRUC BIOL,CURRENT BIOLOGY LTD,0959-440X,1879-033X,BIOCHEMISTRY & MOLECULAR BIOLOGY,SCIE,"11,970",6.1,Q1,1.17,52.34%,
CURRENT PHARMACEUTICAL BIOTECHNOLOGY,CURR PHARM BIOTECHNO,BENTHAM SCIENCE PUBL LTD,1389-2010,1873-4316,BIOCHEMISTRY & MOLECULAR BIOLOGY,SCIE,"4,487",2.2,Q4,0.51,0.66%,
CURRENT PROTEIN & PEPTIDE SCIENCE,CURR PROTEIN PEPT SC,BENTHAM SCIENCE PUBL LTD,1389-2037,1875-5550,BIOCHEMISTRY & MOLECULAR BIOLOGY,SCIE,"3,391",1.9,Q4,0.25,0%,
CYTOKINE,CYTOKINE,ACADEMIC PRESS LTD- ELSEVIER SCIENCE LTD,1043-4666,1096-0023,BIOCHEMISTRY & MOLECULAR BIOLOGY,SCIE,"13,149",3.7,Q2,0.66,17.22%,
CYTOKINE & GROWTH FACTOR REVIEWS,CYTOKINE GROWTH F R,ELSEVIER SCI LTD,1359-6101,1879-0305,BIOCHEMISTRY & MOLECULAR BIOLOGY,SCIE,"7,894",9.3,Q1,1.34,25%,
Carbohydrate Research,CARBOHYD RES,ELSEVIER SCI LTD,0008-6215,1873-426X,BIOCHEMISTRY & MOLECULAR BIOLOGY,SCIE,"13,283",2.4,Q3,0.58,17.7%,
Cell Chemical Biology,CELL CHEM BIOL,CELL PRESS,2451-9456,2451-9448,BIOCHEMISTRY & MOLECULAR BIOLOGY,SCIE,"7,732",6.6,Q1,1.46,76.03%,
Cell Systems,CELL SYST,CELL PRESS,2405-4712,2405-4720,BIOCHEMISTRY & MOLECULAR BIOLOGY,SCIE,"9,272",9.0,Q1,1.57,80.36%,
Cell and Bioscience,CELL BIOSCI,BMC,,2045-3701,BIOCHEMISTRY & MOLECULAR BIOLOGY,SCIE,"6,413",6.1,Q1,1.07,99.84%,
Channels,CHANNELS,TAYLOR & FRANCIS INC,1933-6950,1933-6969,BIOCHEMISTRY & MOLECULAR BIOLOGY,SCIE,"1,437",3.3,Q2,0.49,100%,
Chem-Bio Informatics Journal,CHEM-BIO INFORM J,CHEM-BIO INFORMATICS SOC,1347-6297,1347-0442,BIOCHEMISTRY & MOLECULAR BIOLOGY,ESCI,29,0.4,Q4,0.08,12.5%,
Chemical Biology & Drug Design,CHEM BIOL DRUG DES,WILEY,1747-0277,1747-0285,BIOCHEMISTRY & MOLECULAR BIOLOGY,SCIE,"5,697",3.2,Q2,0.58,5.59%,
Chemical Biology Letters,CHEM BIOL LETT,ScienceIn Publications,,2347-9825,BIOCHEMISTRY & MOLECULAR BIOLOGY,ESCI,264,1.4,Q4,0.47,0%,
Comparative Biochemistry and Physiology D-Genomics & Proteomics,COMP BIOCHEM PHYS D,ELSEVIER SCIENCE INC,1744-117X,1878-0407,BIOCHEMISTRY & MOLECULAR BIOLOGY,SCIE,"1,770",2.2,Q4,0.67,6.69%,
Computational and Structural Biotechnology Journal,COMPUT STRUCT BIOTEC,ELSEVIER,2001-0370,2001-0370,BIOCHEMISTRY & MOLECULAR BIOLOGY,SCIE,"10,553",4.4,Q2,0.96,85.97%,
Copyright (c) 2024 Clarivate ,,,,,,,,,,,,
Cosmetics,COSMETICS-BASEL,MDPI,,2079-9284,BIOCHEMISTRY & MOLECULAR BIOLOGY,ESCI,"2,349",3.4,Q2,0.85,99.3%,
Current Molecular Pharmacology,CURR MOL PHARMACOL,BENTHAM SCIENCE PUBL LTD,1874-4672,1874-4702,BIOCHEMISTRY & MOLECULAR BIOLOGY,SCIE,"1,318",2.4,Q3,0.52,0.43%,
Current Opinion in Systems Biology,CURR OPIN SYST BIOL,ELSEVIER,2452-3100,2452-3100,BIOCHEMISTRY & MOLECULAR BIOLOGY,ESCI,922,3.4,Q2,0.75,56.3%,
Current Proteomics,CURR PROTEOMICS,BENTHAM SCIENCE PUBL LTD,1570-1646,1875-6247,BIOCHEMISTRY & MOLECULAR BIOLOGY,SCIE,171,0.5,Q4,0.16,0.83%,
Current Research in Structural Biology,CURR RES STRUCT BIOL,ELSEVIER,,2665-928X,BIOCHEMISTRY & MOLECULAR BIOLOGY,ESCI,235,2.7,Q3,0.58,100%,
DNA AND CELL BIOLOGY,DNA CELL BIOL,"MARY ANN LIEBERT, INC",1044-5498,1557-7430,BIOCHEMISTRY & MOLECULAR BIOLOGY,SCIE,"4,075",2.6,Q3,0.53,7.85%,
Doklady Biochemistry and Biophysics,DOKL BIOCHEM BIOPHYS,MAIK NAUKA/INTERPERIODICA/SPRINGER,1607-6729,1608-3091,BIOCHEMISTRY & MOLECULAR BIOLOGY,SCIE,719,0.8,Q4,0.18,22.61%,
EMBO JOURNAL,EMBO J,WILEY,0261-4189,1460-2075,BIOCHEMISTRY & MOLECULAR BIOLOGY,SCIE,"63,359",9.4,Q1,1.71,65.13%,
EMBO REPORTS,EMBO REP,WILEY,1469-221X,1469-3178,BIOCHEMISTRY & MOLECULAR BIOLOGY,SCIE,"20,112",6.5,Q1,1.1,54.55%,
EUROPEAN CYTOKINE NETWORK,EUR CYTOKINE NETW,JOHN LIBBEY EUROTEXT LTD,,1952-4005,BIOCHEMISTRY & MOLECULAR BIOLOGY,SCIE,952,2.2,Q4,0.34,0%,
EUROPEAN JOURNAL OF HUMAN GENETICS,EUR J HUM GENET,SPRINGERNATURE,1018-4813,1476-5438,BIOCHEMISTRY & MOLECULAR BIOLOGY,SCIE,"11,569",3.7,Q2,1.04,50%,
EXPERIMENTAL AND MOLECULAR MEDICINE,EXP MOL MED,SPRINGERNATURE,1226-3613,2092-6413,BIOCHEMISTRY & MOLECULAR BIOLOGY,SCIE,"15,135",9.5,Q1,1.72,99.82%,
EXPERT REVIEWS IN MOLECULAR MEDICINE,EXPERT REV MOL MED,CAMBRIDGE UNIV PRESS,1462-3994,1462-3994,BIOCHEMISTRY & MOLECULAR BIOLOGY,SCIE,"1,996",4.5,Q1,0.62,31.63%,
EXTREMOPHILES,EXTREMOPHILES,SPRINGER JAPAN KK,1431-0651,1433-4909,BIOCHEMISTRY & MOLECULAR BIOLOGY,SCIE,"3,158",2.6,Q3,0.58,21.9%,
Emerging Topics in Life Sciences,EMERG TOP LIFE SCI,PORTLAND PRESS LTD,2397-8554,2397-8562,BIOCHEMISTRY & MOLECULAR BIOLOGY,ESCI,"1,271",3.4,Q2,0.53,47.68%,
Environmental Pollutants and Bioavailability,ENV POLLUT BIOAVAIL,TAYLOR & FRANCIS LTD,2639-5932,2639-5940,BIOCHEMISTRY & MOLECULAR BIOLOGY,SCIE,557,3.6,Q2,0.63,98.63%,
Epigenetics,EPIGENETICS-US,TAYLOR & FRANCIS INC,1559-2294,1559-2308,BIOCHEMISTRY & MOLECULAR BIOLOGY,SCIE,"5,753",2.9,Q3,0.71,64.21%,
Essays in Biochemistry,ESSAYS BIOCHEM,PORTLAND PRESS LTD,0071-1365,1744-1358,BIOCHEMISTRY & MOLECULAR BIOLOGY,SCIE,"5,249",5.6,Q1,0.65,48.58%,
Expert Opinion on Drug Metabolism & Toxicology,EXPERT OPIN DRUG MET,TAYLOR & FRANCIS LTD,1742-5255,1744-7607,BIOCHEMISTRY & MOLECULAR BIOLOGY,SCIE,"4,847",3.9,Q2,0.55,16.28%,
FASEB BioAdvances,FASEB BIOADV,WILEY,,2573-9832,BIOCHEMISTRY & MOLECULAR BIOLOGY,ESCI,694,2.5,Q3,0.39,72.34%,
FASEB JOURNAL,FASEB J,WILEY,0892-6638,1530-6860,BIOCHEMISTRY & MOLECULAR BIOLOGY,SCIE,"50,666",4.4,Q2,0.9,30.82%,
FEBS Journal,FEBS J,WILEY,1742-464X,1742-4658,BIOCHEMISTRY & MOLECULAR BIOLOGY,SCIE,"24,487",5.5,Q1,0.8,33.43%,
FEBS LETTERS,FEBS LETT,WILEY,0014-5793,1873-3468,BIOCHEMISTRY & MOLECULAR BIOLOGY,SCIE,"40,194",3.0,Q3,0.58,33.39%,
FEBS Open Bio,FEBS OPEN BIO,WILEY,2211-5463,2211-5463,BIOCHEMISTRY & MOLECULAR BIOLOGY,SCIE,"3,902",2.8,Q3,0.48,75.13%,
FISH PHYSIOLOGY AND BIOCHEMISTRY,FISH PHYSIOL BIOCHEM,SPRINGER,0920-1742,1573-5168,BIOCHEMISTRY & MOLECULAR BIOLOGY,SCIE,"5,988",2.5,Q3,0.82,9.97%,
FLY,FLY,TAYLOR & FRANCIS INC,1933-6934,1933-6942,BIOCHEMISTRY & MOLECULAR BIOLOGY,SCIE,"1,506",2.4,Q3,0.37,86.84%,
FOLIA HISTOCHEMICA ET CYTOBIOLOGICA,FOLIA HISTOCHEM CYTO,VIA MEDICA,0239-8508,1897-5631,BIOCHEMISTRY & MOLECULAR BIOLOGY,SCIE,910,1.7,Q4,0.28,95.06%,
FREE RADICAL BIOLOGY AND MEDICINE,FREE RADICAL BIO MED,ELSEVIER SCIENCE INC,0891-5849,1873-4596,BIOCHEMISTRY & MOLECULAR BIOLOGY,SCIE,"51,005",7.1,Q1,1.64,29.78%,
FREE RADICAL RESEARCH,FREE RADICAL RES,TAYLOR & FRANCIS LTD,1071-5762,1029-2470,BIOCHEMISTRY & MOLECULAR BIOLOGY,SCIE,"7,530",3.6,Q2,0.57,10.73%,
Food & Function,FOOD FUNCT,ROYAL SOC CHEMISTRY,2042-6496,2042-650X,BIOCHEMISTRY & MOLECULAR BIOLOGY,SCIE,"33,554",5.1,Q1,1.1,9.42%,
Frontiers in Bioscience-Landmark,FRONT BIOSCI-LANDMRK,IMR PRESS,2768-6701,2768-6698,BIOCHEMISTRY & MOLECULAR BIOLOGY,SCIE,"11,025",3.3,Q2,0.48,93.25%,
Frontiers in Molecular Biosciences,FRONT MOL BIOSCI,FRONTIERS MEDIA SA,,2296-889X,BIOCHEMISTRY & MOLECULAR BIOLOGY,SCIE,"16,153",3.9,Q2,0.7,99.49%,
GENE THERAPY,GENE THER,SPRINGERNATURE,0969-7128,1476-5462,BIOCHEMISTRY & MOLECULAR BIOLOGY,SCIE,"6,684",4.6,Q1,0.98,43.01%,
GENERAL PHYSIOLOGY AND BIOPHYSICS,GEN PHYSIOL BIOPHYS,AEPRESS SRO,0231-5882,1338-4325,BIOCHEMISTRY & MOLECULAR BIOLOGY,SCIE,"1,048",1.3,Q4,0.38,98.64%,
GENES & GENETIC SYSTEMS,GENES GENET SYST,GENETICS SOC JAPAN,1341-7568,1880-5779,BIOCHEMISTRY & MOLECULAR BIOLOGY,SCIE,875,1.0,Q4,0.22,93.55%,
GENETICS AND MOLECULAR BIOLOGY,GENET MOL BIOL,SOC BRASIL GENETICA,1415-4757,1678-4685,BIOCHEMISTRY & MOLECULAR BIOLOGY,SCIE,"2,934",1.7,Q4,0.37,95.2%,
GENOME RESEARCH,GENOME RES,"COLD SPRING HARBOR LAB PRESS, PUBLICATIONS DEPT",1088-9051,1549-5469,BIOCHEMISTRY & MOLECULAR BIOLOGY,SCIE,"42,910",6.2,Q1,1.62,95.16%,
GLYCOBIOLOGY,GLYCOBIOLOGY,OXFORD UNIV PRESS INC,0959-6658,1460-2423,BIOCHEMISTRY & MOLECULAR BIOLOGY,SCIE,"7,816",3.4,Q2,0.7,27.13%,
GLYCOCONJUGATE JOURNAL,GLYCOCONJUGATE J,SPRINGER,0282-0080,1573-4986,BIOCHEMISTRY & MOLECULAR BIOLOGY,SCIE,"2,637",2.7,Q3,0.51,22.56%,
Genes & Diseases,GENES DIS,KEAI PUBLISHING LTD,2352-4820,2352-3042,BIOCHEMISTRY & MOLECULAR BIOLOGY,SCIE,"3,994",6.9,Q1,1.24,98.63%,
Genes & Genomics,GENES GENOM,SPRINGER,1976-9571,2092-9293,BIOCHEMISTRY & MOLECULAR BIOLOGY,SCIE,"1,727",1.6,Q4,0.42,11.32%,
HEMOGLOBIN,HEMOGLOBIN,TAYLOR & FRANCIS LTD,0363-0269,1532-432X,BIOCHEMISTRY & MOLECULAR BIOLOGY,SCIE,"1,298",1.2,Q4,0.19,2.78%,
HUMAN MOLECULAR GENETICS,HUM MOL GENET,OXFORD UNIV PRESS,0964-6906,1460-2083,BIOCHEMISTRY & MOLECULAR BIOLOGY,SCIE,"35,692",3.1,Q3,0.78,38.98%,
Hormone Molecular Biology and Clinical Investigation,HORM MOL BIOL CLIN I,WALTER DE GRUYTER GMBH,1868-1883,1868-1891,BIOCHEMISTRY & MOLECULAR BIOLOGY,ESCI,"1,204",1.1,Q4,0.17,0.58%,
INDIAN JOURNAL OF BIOCHEMISTRY & BIOPHYSICS,INDIAN J BIOCHEM BIO,NATL INST SCIENCE COMMUNICATION-NISCAIR,0301-1208,0975-0959,BIOCHEMISTRY & MOLECULAR BIOLOGY,SCIE,"1,373",1.5,Q4,0.38,45.83%,
INSECT BIOCHEMISTRY AND MOLECULAR BIOLOGY,INSECT BIOCHEM MOLEC,PERGAMON-ELSEVIER SCIENCE LTD,0965-1748,1879-0240,BIOCHEMISTRY & MOLECULAR BIOLOGY,SCIE,"8,884",3.2,Q2,1.25,28.26%,
INSECT MOLECULAR BIOLOGY,INSECT MOL BIOL,WILEY,0962-1075,1365-2583,BIOCHEMISTRY & MOLECULAR BIOLOGY,SCIE,"3,646",2.3,Q3,0.74,21.39%,
INTERNATIONAL JOURNAL OF BIOCHEMISTRY & CELL BIOLOGY,INT J BIOCHEM CELL B,PERGAMON-ELSEVIER SCIENCE LTD,1357-2725,1878-5875,BIOCHEMISTRY & MOLECULAR BIOLOGY,SCIE,"15,626",3.4,Q2,0.65,22.88%,
INTERNATIONAL JOURNAL OF MOLECULAR SCIENCES,INT J MOL SCI,MDPI,1661-6596,1422-0067,BIOCHEMISTRY & MOLECULAR BIOLOGY,SCIE,"346,651",4.9,Q1,0.71,99.66%,
IUBMB LIFE,IUBMB LIFE,WILEY,1521-6543,1521-6551,BIOCHEMISTRY & MOLECULAR BIOLOGY,SCIE,"7,729",3.7,Q2,0.6,18.93%,
Indian Journal of Clinical Biochemistry,INDIAN J CLIN BIOCHE,SPRINGER INDIA,0970-1915,0974-0422,BIOCHEMISTRY & MOLECULAR BIOLOGY,ESCI,"2,362",1.5,Q4,0.26,6.25%,
Innate Immunity,INNATE IMMUN-LONDON,SAGE PUBLICATIONS LTD,1753-4259,1753-4267,BIOCHEMISTRY & MOLECULAR BIOLOGY,SCIE,"1,925",2.8,Q3,0.57,93.51%,
International Journal of Biological Macromolecules,INT J BIOL MACROMOL,ELSEVIER,0141-8130,1879-0003,BIOCHEMISTRY & MOLECULAR BIOLOGY,SCIE,"153,193",7.7,Q1,1.47,5.54%,
International Journal of Biological Sciences,INT J BIOL SCI,IVYSPRING INT PUBL,1449-2288,1449-2288,BIOCHEMISTRY & MOLECULAR BIOLOGY,SCIE,"17,365",8.2,Q1,1.87,99.05%,
International Journal of Genomics,INT J GENOMICS,HINDAWI LTD,2314-436X,2314-4378,BIOCHEMISTRY & MOLECULAR BIOLOGY,SCIE,"1,470",2.6,Q3,0.56,99.08%,
International Journal of Peptide Research and Therapeutics,INT J PEPT RES THER,SPRINGER,1573-3149,1573-3904,BIOCHEMISTRY & MOLECULAR BIOLOGY,SCIE,"2,096",2.0,Q4,0.48,7.43%,
JOURNAL OF BIOCHEMICAL AND MOLECULAR TOXICOLOGY,J BIOCHEM MOL TOXIC,WILEY,1095-6670,1099-0461,BIOCHEMISTRY & MOLECULAR BIOLOGY,SCIE,"5,235",3.2,Q2,0.74,4.09%,
JOURNAL OF BIOLOGICAL CHEMISTRY,J BIOL CHEM,ELSEVIER,,1083-351X,BIOCHEMISTRY & MOLECULAR BIOLOGY,SCIE,"295,056",4.0,Q2,0.85,95.81%,
JOURNAL OF BIOLOGICAL INORGANIC CHEMISTRY,J BIOL INORG CHEM,SPRINGER,0949-8257,1432-1327,BIOCHEMISTRY & MOLECULAR BIOLOGY,SCIE,"4,297",2.7,Q3,0.71,26.6%,
JOURNAL OF BIOMOLECULAR NMR,J BIOMOL NMR,SPRINGER,0925-2738,1573-5001,BIOCHEMISTRY & MOLECULAR BIOLOGY,SCIE,"3,544",2.4,Q3,0.74,48%,
JOURNAL OF BIOMOLECULAR STRUCTURE & DYNAMICS,J BIOMOL STRUCT DYN,TAYLOR & FRANCIS INC,0739-1102,1538-0254,BIOCHEMISTRY & MOLECULAR BIOLOGY,SCIE,"14,158",2.7,Q3,0.92,1.42%,
JOURNAL OF CARBOHYDRATE CHEMISTRY,J CARBOHYD CHEM,TAYLOR & FRANCIS INC,0732-8303,1532-2327,BIOCHEMISTRY & MOLECULAR BIOLOGY,SCIE,683,1.2,Q4,0.28,0%,
JOURNAL OF CELLULAR BIOCHEMISTRY,J CELL BIOCHEM,WILEY,0730-2312,1097-4644,BIOCHEMISTRY & MOLECULAR BIOLOGY,SCIE,"22,049",3.0,Q3,0.63,11.24%,
JOURNAL OF CHEMICAL ECOLOGY,J CHEM ECOL,SPRINGER,0098-0331,1573-1561,BIOCHEMISTRY & MOLECULAR BIOLOGY,SCIE,"10,415",2.2,Q4,0.55,29.46%,
JOURNAL OF CHEMICAL NEUROANATOMY,J CHEM NEUROANAT,ELSEVIER,0891-0618,1873-6300,BIOCHEMISTRY & MOLECULAR BIOLOGY,SCIE,"2,898",2.7,Q3,0.55,11.45%,
JOURNAL OF COMPUTER-AIDED MOLECULAR DESIGN,J COMPUT AID MOL DES,SPRINGER,0920-654X,1573-4951,BIOCHEMISTRY & MOLECULAR BIOLOGY,SCIE,"5,615",3.0,Q3,0.81,33.72%,
JOURNAL OF ENZYME INHIBITION AND MEDICINAL CHEMISTRY,J ENZYM INHIB MED CH,TAYLOR & FRANCIS LTD,1475-6366,1475-6374,BIOCHEMISTRY & MOLECULAR BIOLOGY,SCIE,"9,268",5.6,Q1,1.42,97.77%,
JOURNAL OF EVOLUTIONARY BIOCHEMISTRY AND PHYSIOLOGY,J EVOL BIOCHEM PHYS+,PLEIADES PUBLISHING INC,0022-0930,1608-3202,BIOCHEMISTRY & MOLECULAR BIOLOGY,SCIE,559,0.6,Q4,0.15,1.43%,
JOURNAL OF FOOD BIOCHEMISTRY,J FOOD BIOCHEM,WILEY-HINDAWI,0145-8884,1745-4514,BIOCHEMISTRY & MOLECULAR BIOLOGY,SCIE,"8,996",3.5,Q2,0.68,79.88%,
JOURNAL OF INORGANIC BIOCHEMISTRY,J INORG BIOCHEM,ELSEVIER SCIENCE INC,0162-0134,1873-3344,BIOCHEMISTRY & MOLECULAR BIOLOGY,SCIE,"11,945",3.8,Q2,0.96,19.42%,
JOURNAL OF INTERFERON AND CYTOKINE RESEARCH,J INTERF CYTOK RES,"MARY ANN LIEBERT, INC",1079-9907,1557-7465,BIOCHEMISTRY & MOLECULAR BIOLOGY,SCIE,"3,580",1.9,Q4,0.36,6.75%,
JOURNAL OF LIPID RESEARCH,J LIPID RES,ELSEVIER,0022-2275,1539-7262,BIOCHEMISTRY & MOLECULAR BIOLOGY,SCIE,"23,917",5.0,Q1,1.05,96.4%,
JOURNAL OF LIPOSOME RESEARCH,J LIPOSOME RES,TAYLOR & FRANCIS LTD,0898-2104,1532-2394,BIOCHEMISTRY & MOLECULAR BIOLOGY,SCIE,"1,974",3.6,Q2,0.78,4.95%,
JOURNAL OF MEMBRANE BIOLOGY,J MEMBRANE BIOL,SPRINGER,0022-2631,1432-1424,BIOCHEMISTRY & MOLECULAR BIOLOGY,SCIE,"3,428",2.3,Q3,0.59,13.85%,
JOURNAL OF MOLECULAR BIOLOGY,J MOL BIOL,ACADEMIC PRESS LTD- ELSEVIER SCIENCE LTD,0022-2836,1089-8638,BIOCHEMISTRY & MOLECULAR BIOLOGY,SCIE,"54,235",4.7,Q1,0.93,44.75%,
JOURNAL OF MOLECULAR EVOLUTION,J MOL EVOL,SPRINGER,0022-2844,1432-1432,BIOCHEMISTRY & MOLECULAR BIOLOGY,SCIE,"7,433",2.1,Q4,0.49,38.06%,
JOURNAL OF MOLECULAR GRAPHICS & MODELLING,J MOL GRAPH MODEL,ELSEVIER SCIENCE INC,1093-3263,1873-4243,BIOCHEMISTRY & MOLECULAR BIOLOGY,SCIE,"12,044",2.7,Q3,0.87,5.64%,
JOURNAL OF MOLECULAR MODELING,J MOL MODEL,SPRINGER,1610-2940,0948-5023,BIOCHEMISTRY & MOLECULAR BIOLOGY,SCIE,"8,478",2.1,Q4,0.46,3.88%,
JOURNAL OF MOLECULAR NEUROSCIENCE,J MOL NEUROSCI,SPRINGERNATURE,0895-8696,1559-1166,BIOCHEMISTRY & MOLECULAR BIOLOGY,SCIE,"6,499",2.8,Q3,0.65,15.5%,
JOURNAL OF MOLECULAR RECOGNITION,J MOL RECOGNIT,WILEY,0952-3499,1099-1352,BIOCHEMISTRY & MOLECULAR BIOLOGY,SCIE,"2,089",2.3,Q3,0.56,6%,
JOURNAL OF NEUROCHEMISTRY,J NEUROCHEM,WILEY,0022-3042,1471-4159,BIOCHEMISTRY & MOLECULAR BIOLOGY,SCIE,"31,580",4.2,Q2,0.83,29.43%,
JOURNAL OF NUTRITIONAL BIOCHEMISTRY,J NUTR BIOCHEM,ELSEVIER SCIENCE INC,0955-2863,1873-4847,BIOCHEMISTRY & MOLECULAR BIOLOGY,SCIE,"13,711",4.8,Q1,1.1,23.29%,
JOURNAL OF PEPTIDE SCIENCE,J PEPT SCI,WILEY,1075-2617,1099-1387,BIOCHEMISTRY & MOLECULAR BIOLOGY,SCIE,"2,287",1.8,Q4,0.36,30.6%,
JOURNAL OF PHOTOCHEMISTRY AND PHOTOBIOLOGY B-BIOLOGY,J PHOTOCH PHOTOBIO B,ELSEVIER SCIENCE SA,1011-1344,1873-2682,BIOCHEMISTRY & MOLECULAR BIOLOGY,SCIE,"16,694",3.9,Q2,1.14,19.51%,
JOURNAL OF PHYSIOLOGY AND BIOCHEMISTRY,J PHYSIOL BIOCHEM,SPRINGER,1138-7548,1877-8755,BIOCHEMISTRY & MOLECULAR BIOLOGY,SCIE,"2,566",3.7,Q2,0.88,22.06%,
JOURNAL OF PLANT BIOCHEMISTRY AND BIOTECHNOLOGY,J PLANT BIOCHEM BIOT,SPRINGER INDIA,0971-7811,0974-1275,BIOCHEMISTRY & MOLECULAR BIOLOGY,SCIE,"1,310",1.6,Q4,0.35,4.05%,
JOURNAL OF RECEPTORS AND SIGNAL TRANSDUCTION,J RECEPT SIG TRANSD,TAYLOR & FRANCIS LTD,1079-9893,1532-4281,BIOCHEMISTRY & MOLECULAR BIOLOGY,SCIE,"1,731",2.6,Q3,0.41,7.58%,
JOURNAL OF STEROID BIOCHEMISTRY AND MOLECULAR BIOLOGY,J STEROID BIOCHEM,PERGAMON-ELSEVIER SCIENCE LTD,0960-0760,1879-1220,BIOCHEMISTRY & MOLECULAR BIOLOGY,SCIE,"10,925",2.7,Q3,0.77,24.69%,
JOURNAL OF STRUCTURAL BIOLOGY,J STRUCT BIOL,ACADEMIC PRESS INC ELSEVIER SCIENCE,1047-8477,1095-8657,BIOCHEMISTRY & MOLECULAR BIOLOGY,SCIE,"9,738",3.0,Q3,0.64,41.52%,
JOURNAL OF TRACE ELEMENTS IN MEDICINE AND BIOLOGY,J TRACE ELEM MED BIO,ELSEVIER GMBH,0946-672X,1878-3252,BIOCHEMISTRY & MOLECULAR BIOLOGY,SCIE,"6,975",3.6,Q2,0.77,11.43%,
Journal of Applied Glycoscience,J APPL GLYOSCI,JAPANESE SOC APPLIED GLYCOSCIENCE,1344-7882,1880-7291,BIOCHEMISTRY & MOLECULAR BIOLOGY,ESCI,313,1.2,Q4,0.22,100%,
Journal of Biochemistry,J BIOCHEM,OXFORD UNIV PRESS,0021-924X,1756-2651,BIOCHEMISTRY & MOLECULAR BIOLOGY,SCIE,"7,237",2.1,Q4,0.44,10.13%,
Journal of Genetics and Genomics,J GENET GENOMICS,SCIENCE PRESS,1673-8527,1873-5533,BIOCHEMISTRY & MOLECULAR BIOLOGY,SCIE,"3,847",6.6,Q1,1.17,36.12%,
Journal of Integrative Plant Biology,J INTEGR PLANT BIOL,WILEY,1672-9072,1744-7909,BIOCHEMISTRY & MOLECULAR BIOLOGY,SCIE,"10,690",9.3,Q1,1.96,24.51%,
Journal of Lipids,J LIPIDS,HINDAWI LTD,2090-3030,2090-3049,BIOCHEMISTRY & MOLECULAR BIOLOGY,ESCI,472,5.9,Q1,0.55,100%,
Journal of Medical Biochemistry,J MED BIOCHEM,SOC MEDICAL BIOCHEMISTS SERBIA,1452-8258,1452-8266,BIOCHEMISTRY & MOLECULAR BIOLOGY,SCIE,720,2.0,Q4,0.41,100%,
Journal of Nucleic Acids,J NUCLEIC ACIDS,HINDAWI LTD,2090-0201,2090-021X,BIOCHEMISTRY & MOLECULAR BIOLOGY,ESCI,481,1.3,Q4,0.27,100%,
Journal of Structural Biology-X,J STRUCT BIOL-X,ELSEVIER,,2590-1524,BIOCHEMISTRY & MOLECULAR BIOLOGY,ESCI,268,3.5,Q2,0.71,100%,
Journal of Zhejiang University-SCIENCE B,J ZHEJIANG UNIV-SC B,ZHEJIANG UNIV PRESS,1673-1581,1862-1783,BIOCHEMISTRY & MOLECULAR BIOLOGY,SCIE,"4,265",4.7,Q1,0.72,3.03%,
LIPIDS,LIPIDS,WILEY,0024-4201,1558-9307,BIOCHEMISTRY & MOLECULAR BIOLOGY,SCIE,"5,442",1.8,Q4,0.34,23.61%,
Lipids in Health and Disease,LIPIDS HEALTH DIS,BMC,,1476-511X,BIOCHEMISTRY & MOLECULAR BIOLOGY,SCIE,"9,604",3.9,Q2,0.77,100%,
MACROMOLECULAR BIOSCIENCE,MACROMOL BIOSCI,WILEY-V C H VERLAG GMBH,1616-5187,1616-5195,BIOCHEMISTRY & MOLECULAR BIOLOGY,SCIE,"9,055",4.4,Q2,0.73,24.66%,
MAGNESIUM RESEARCH,MAGNESIUM RES,JOHN LIBBEY EUROTEXT LTD,0953-1424,1952-4021,BIOCHEMISTRY & MOLECULAR BIOLOGY,SCIE,614,1.5,Q4,0.38,0%,
MAMMALIAN GENOME,MAMM GENOME,SPRINGER,0938-8990,1432-1777,BIOCHEMISTRY & MOLECULAR BIOLOGY,SCIE,"2,542",2.7,Q3,0.6,40.88%,
MATRIX BIOLOGY,MATRIX BIOL,ELSEVIER,0945-053X,1569-1802,BIOCHEMISTRY & MOLECULAR BIOLOGY,SCIE,"8,291",4.5,Q1,1.04,46.7%,
METHODS,METHODS,ACADEMIC PRESS INC ELSEVIER SCIENCE,1046-2023,1095-9130,BIOCHEMISTRY & MOLECULAR BIOLOGY,SCIE,"23,543",4.2,Q2,1.31,25%,
MOLECULAR AND BIOCHEMICAL PARASITOLOGY,MOL BIOCHEM PARASIT,ELSEVIER,0166-6851,1872-9428,BIOCHEMISTRY & MOLECULAR BIOLOGY,SCIE,"4,176",1.4,Q4,0.37,20.9%,
MOLECULAR AND CELLULAR BIOLOGY,MOL CELL BIOL,TAYLOR & FRANCIS INC,0270-7306,1098-5549,BIOCHEMISTRY & MOLECULAR BIOLOGY,SCIE,"42,440",3.2,Q2,0.66,22.29%,
MOLECULAR AND CELLULAR PROBES,MOL CELL PROBE,ACADEMIC PRESS LTD- ELSEVIER SCIENCE LTD,0890-8508,1096-1194,BIOCHEMISTRY & MOLECULAR BIOLOGY,SCIE,"2,242",2.3,Q3,0.59,45.22%,
MOLECULAR ASPECTS OF MEDICINE,MOL ASPECTS MED,ELSEVIER,0098-2997,1872-9452,BIOCHEMISTRY & MOLECULAR BIOLOGY,SCIE,"8,966",8.7,Q1,1.31,36.78%,
MOLECULAR BIOLOGY,MOL BIOL+,PLEIADES PUBLISHING INC,0026-8933,1608-3245,BIOCHEMISTRY & MOLECULAR BIOLOGY,SCIE,"1,662",1.5,Q4,0.17,8.07%,
MOLECULAR BIOLOGY AND EVOLUTION,MOL BIOL EVOL,OXFORD UNIV PRESS,0737-4038,1537-1719,BIOCHEMISTRY & MOLECULAR BIOLOGY,SCIE,"62,418",11.0,Q1,2.47,95.42%,
MOLECULAR BIOLOGY REPORTS,MOL BIOL REP,SPRINGER,0301-4851,1573-4978,BIOCHEMISTRY & MOLECULAR BIOLOGY,SCIE,"16,427",2.6,Q3,0.47,9.35%,
MOLECULAR BIOTECHNOLOGY,MOL BIOTECHNOL,SPRINGERNATURE,1073-6085,1559-0305,BIOCHEMISTRY & MOLECULAR BIOLOGY,SCIE,"3,829",2.4,Q3,0.48,9.55%,
MOLECULAR CARCINOGENESIS,MOL CARCINOGEN,WILEY,0899-1987,1098-2744,BIOCHEMISTRY & MOLECULAR BIOLOGY,SCIE,"6,090",3.0,Q3,0.8,13.47%,
MOLECULAR ECOLOGY,MOL ECOL,WILEY,0962-1083,1365-294X,BIOCHEMISTRY & MOLECULAR BIOLOGY,SCIE,"38,480",4.5,Q1,1.15,41.56%,
MOLECULAR GENETICS AND GENOMICS,MOL GENET GENOMICS,SPRINGER HEIDELBERG,1617-4615,1617-4623,BIOCHEMISTRY & MOLECULAR BIOLOGY,SCIE,"5,078",2.3,Q3,0.6,16.41%,
MOLECULAR IMMUNOLOGY,MOL IMMUNOL,PERGAMON-ELSEVIER SCIENCE LTD,0161-5890,1872-9142,BIOCHEMISTRY & MOLECULAR BIOLOGY,SCIE,"12,638",3.2,Q2,0.65,18.67%,
MOLECULAR MEDICINE,MOL MED,SPRINGER,1076-1551,1528-3658,BIOCHEMISTRY & MOLECULAR BIOLOGY,SCIE,"7,216",6.0,Q1,1.06,99.58%,
MOLECULAR MICROBIOLOGY,MOL MICROBIOL,WILEY,0950-382X,1365-2958,BIOCHEMISTRY & MOLECULAR BIOLOGY,SCIE,"28,109",2.6,Q3,0.58,40.14%,
MOLECULAR PHYLOGENETICS AND EVOLUTION,MOL PHYLOGENET EVOL,ACADEMIC PRESS INC ELSEVIER SCIENCE,1055-7903,1095-9513,BIOCHEMISTRY & MOLECULAR BIOLOGY,SCIE,"19,208",3.6,Q2,1.03,31.95%,
MOLECULAR PLANT-MICROBE INTERACTIONS,MOL PLANT MICROBE IN,AMER PHYTOPATHOLOGICAL SOC,0894-0282,1943-7706,BIOCHEMISTRY & MOLECULAR BIOLOGY,SCIE,"11,821",3.2,Q2,0.81,97.47%,
MOLECULAR PSYCHIATRY,MOL PSYCHIATR,SPRINGERNATURE,1359-4184,1476-5578,BIOCHEMISTRY & MOLECULAR BIOLOGY,SCIE,"34,241",9.6,Q1,2.26,51.69%,
MOLECULAR REPRODUCTION AND DEVELOPMENT,MOL REPROD DEV,WILEY,1040-452X,1098-2795,BIOCHEMISTRY & MOLECULAR BIOLOGY,SCIE,"5,386",2.7,Q3,0.53,17.49%,
MOLECULAR VISION,MOL VIS,MOLECULAR VISION,1090-0535,,BIOCHEMISTRY & MOLECULAR BIOLOGY,SCIE,"5,215",1.8,Q4,0.59,0%,
MOLECULES,MOLECULES,MDPI,,1420-3049,BIOCHEMISTRY & MOLECULAR BIOLOGY,SCIE,"191,855",4.2,Q2,0.69,99.51%,
MOLECULES AND CELLS,MOL CELLS,KOREAN SOC MOLECULAR & CELLULAR BIOLOGY,1016-8478,0219-1032,BIOCHEMISTRY & MOLECULAR BIOLOGY,SCIE,"5,841",3.7,Q2,0.51,100%,
Metabolites,METABOLITES,MDPI,,2218-1989,BIOCHEMISTRY & MOLECULAR BIOLOGY,SCIE,"14,480",3.4,Q2,0.69,99.55%,
Metallomics,METALLOMICS,OXFORD UNIV PRESS,1756-5901,1756-591X,BIOCHEMISTRY & MOLECULAR BIOLOGY,SCIE,"6,439",2.9,Q3,0.62,20.23%,
Molecular Biology Research Communications,MOL BIOL RES COMMUN,SHIRAZ UNIV,2322-181X,2345-2005,BIOCHEMISTRY & MOLECULAR BIOLOGY,ESCI,236,1.5,Q4,0.28,0%,
Molecular Biomedicine,MOL BIOMED,SPRINGERNATURE,,2662-8651,BIOCHEMISTRY & MOLECULAR BIOLOGY,ESCI,608,6.3,Q1,0.79,100%,
Molecular Cancer,MOL CANCER,BMC,,1476-4598,BIOCHEMISTRY & MOLECULAR BIOLOGY,SCIE,"36,560",27.7,Q1,5.26,100%,
Molecular Cell,MOL CELL,CELL PRESS,1097-2765,1097-4164,BIOCHEMISTRY & MOLECULAR BIOLOGY,SCIE,"80,732",14.5,Q1,2.66,83.13%,
Molecular Ecology Resources,MOL ECOL RESOUR,WILEY,1755-098X,1755-0998,BIOCHEMISTRY & MOLECULAR BIOLOGY,SCIE,"15,125",5.5,Q1,1.49,39.36%,
Molecular Genetics Microbiology and Virology,MOL GENET MICROBIOL+,PLEIADES PUBLISHING INC,0891-4168,1934-841X,BIOCHEMISTRY & MOLECULAR BIOLOGY,SCIE,181,0.4,Q4,0.07,0.91%,
Molecular Omics,MOL OMICS,ROYAL SOC CHEMISTRY,,2515-4184,BIOCHEMISTRY & MOLECULAR BIOLOGY,SCIE,925,3.0,Q3,0.53,13.79%,
Molecular Plant,MOL PLANT,CELL PRESS,1674-2052,1752-9867,BIOCHEMISTRY & MOLECULAR BIOLOGY,SCIE,"23,905",17.1,Q1,4.88,85.32%,
Molecular Systems Biology,MOL SYST BIOL,SPRINGERNATURE,1744-4292,1744-4292,BIOCHEMISTRY & MOLECULAR BIOLOGY,SCIE,"9,948",8.5,Q1,1.74,55.5%,
NAR Cancer,NAR CANCER,OXFORD UNIV PRESS,2632-8674,2632-8674,BIOCHEMISTRY & MOLECULAR BIOLOGY,ESCI,617,3.4,Q2,0.72,95.51%,
NATURAL PRODUCT REPORTS,NAT PROD REP,ROYAL SOC CHEMISTRY,0265-0568,1460-4752,BIOCHEMISTRY & MOLECULAR BIOLOGY,SCIE,"12,999",10.2,Q1,1.47,24.43%,
NATURE STRUCTURAL & MOLECULAR BIOLOGY,NAT STRUCT MOL BIOL,NATURE PORTFOLIO,1545-9993,1545-9985,BIOCHEMISTRY & MOLECULAR BIOLOGY,SCIE,"27,951",12.5,Q1,2.87,33.25%,
NEUROCHEMICAL RESEARCH,NEUROCHEM RES,SPRINGER/PLENUM PUBLISHERS,0364-3190,1573-6903,BIOCHEMISTRY & MOLECULAR BIOLOGY,SCIE,"13,243",3.7,Q2,0.84,13.68%,
NEUROCHEMISTRY INTERNATIONAL,NEUROCHEM INT,PERGAMON-ELSEVIER SCIENCE LTD,0197-0186,1872-9754,BIOCHEMISTRY & MOLECULAR BIOLOGY,SCIE,"10,286",4.4,Q2,0.9,19.87%,
NITRIC OXIDE-BIOLOGY AND CHEMISTRY,NITRIC OXIDE-BIOL CH,ACADEMIC PRESS INC ELSEVIER SCIENCE,1089-8603,1089-8611,BIOCHEMISTRY & MOLECULAR BIOLOGY,SCIE,"4,394",3.2,Q2,0.6,23.04%,
NUCLEIC ACIDS RESEARCH,NUCLEIC ACIDS RES,OXFORD UNIV PRESS,0305-1048,1362-4962,BIOCHEMISTRY & MOLECULAR BIOLOGY,SCIE,"271,360",16.6,Q1,2.9,93.75%,
NUCLEOSIDES NUCLEOTIDES & NUCLEIC ACIDS,NUCLEOS NUCLEOT NUCL,TAYLOR & FRANCIS INC,1525-7770,1532-2335,BIOCHEMISTRY & MOLECULAR BIOLOGY,SCIE,"1,576",1.1,Q4,0.26,3.15%,
Nature Chemical Biology,NAT CHEM BIOL,NATURE PORTFOLIO,1552-4450,1552-4469,BIOCHEMISTRY & MOLECULAR BIOLOGY,SCIE,"30,026",12.9,Q1,2.78,18.88%,
Non-Coding RNA,NON-CODING RNA,MDPI,,2311-553X,BIOCHEMISTRY & MOLECULAR BIOLOGY,ESCI,"1,456",3.6,Q2,0.67,99.55%,
Non-coding RNA Research,NON-CODING RNA RES,KEAI PUBLISHING LTD,2468-2160,2468-0540,BIOCHEMISTRY & MOLECULAR BIOLOGY,ESCI,937,5.9,Q1,0.92,95.92%,
Nucleic Acid Therapeutics,NUCLEIC ACID THER,"MARY ANN LIEBERT, INC",2159-3337,2159-3345,BIOCHEMISTRY & MOLECULAR BIOLOGY,SCIE,"1,612",4.0,Q2,0.93,43.69%,
ONCOGENE,ONCOGENE,SPRINGERNATURE,0950-9232,1476-5594,BIOCHEMISTRY & MOLECULAR BIOLOGY,SCIE,"63,616",6.9,Q1,1.47,39.26%,
Open Biology,OPEN BIOL,ROYAL SOC,,2046-2441,BIOCHEMISTRY & MOLECULAR BIOLOGY,SCIE,"5,493",4.5,Q1,0.69,99.45%,
Organogenesis,ORGANOGENESIS,TAYLOR & FRANCIS INC,1547-6278,1555-8592,BIOCHEMISTRY & MOLECULAR BIOLOGY,SCIE,"1,113",1.6,Q4,0.42,65.52%,
PEPTIDES,PEPTIDES,ELSEVIER SCIENCE INC,0196-9781,1873-5169,BIOCHEMISTRY & MOLECULAR BIOLOGY,SCIE,"9,030",2.8,Q3,0.65,27.76%,
PHOTOCHEMICAL & PHOTOBIOLOGICAL SCIENCES,PHOTOCH PHOTOBIO SCI,SPRINGERNATURE,1474-905X,1474-9092,BIOCHEMISTRY & MOLECULAR BIOLOGY,SCIE,"7,811",2.7,Q3,0.59,33.87%,
PHOTOCHEMISTRY AND PHOTOBIOLOGY,PHOTOCHEM PHOTOBIOL,WILEY,0031-8655,1751-1097,BIOCHEMISTRY & MOLECULAR BIOLOGY,SCIE,"10,208",2.6,Q3,0.56,15.19%,
PHYSICAL BIOLOGY,PHYS BIOL,IOP Publishing Ltd,1478-3967,1478-3975,BIOCHEMISTRY & MOLECULAR BIOLOGY,SCIE,"1,817",2.0,Q4,0.47,37.25%,
PHYTOCHEMISTRY,PHYTOCHEMISTRY,PERGAMON-ELSEVIER SCIENCE LTD,0031-9422,1873-3700,BIOCHEMISTRY & MOLECULAR BIOLOGY,SCIE,"31,846",3.2,Q2,0.8,9.25%,
PLANT CELL,PLANT CELL,OXFORD UNIV PRESS INC,1040-4651,1532-298X,BIOCHEMISTRY & MOLECULAR BIOLOGY,SCIE,"60,657",10.0,Q1,2.23,39.09%,
PLANT MOLECULAR BIOLOGY,PLANT MOL BIOL,SPRINGER,0167-4412,1573-5028,BIOCHEMISTRY & MOLECULAR BIOLOGY,SCIE,"16,134",3.9,Q2,0.96,16.79%,
PLANT SCIENCE,PLANT SCI,ELSEVIER IRELAND LTD,0168-9452,1873-2259,BIOCHEMISTRY & MOLECULAR BIOLOGY,SCIE,"21,962",4.2,Q2,1.04,14.26%,
PLOS BIOLOGY,PLOS BIOL,PUBLIC LIBRARY SCIENCE,1544-9173,1545-7885,BIOCHEMISTRY & MOLECULAR BIOLOGY,SCIE,"38,680",7.8,Q1,2.03,97.03%,
PREPARATIVE BIOCHEMISTRY & BIOTECHNOLOGY,PREP BIOCHEM BIOTECH,TAYLOR & FRANCIS INC,1082-6068,1532-2297,BIOCHEMISTRY & MOLECULAR BIOLOGY,SCIE,"2,351",2.0,Q4,0.49,1.17%,
PROCESS BIOCHEMISTRY,PROCESS BIOCHEM,ELSEVIER SCI LTD,1359-5113,1873-3298,BIOCHEMISTRY & MOLECULAR BIOLOGY,SCIE,"19,329",3.7,Q2,0.78,6.32%,
PROGRESS IN BIOCHEMISTRY AND BIOPHYSICS,PROG BIOCHEM BIOPHYS,"CHINESE ACAD SCIENCES, INST BIOPHYSICS",1000-3282,1000-3282,BIOCHEMISTRY & MOLECULAR BIOLOGY,SCIE,384,0.2,Q4,0.05,0%,
PROGRESS IN BIOPHYSICS & MOLECULAR BIOLOGY,PROG BIOPHYS MOL BIO,PERGAMON-ELSEVIER SCIENCE LTD,0079-6107,1873-1732,BIOCHEMISTRY & MOLECULAR BIOLOGY,SCIE,"4,519",3.2,Q2,0.55,24.79%,
PROGRESS IN LIPID RESEARCH,PROG LIPID RES,PERGAMON-ELSEVIER SCIENCE LTD,0163-7827,1873-2194,BIOCHEMISTRY & MOLECULAR BIOLOGY,SCIE,"7,497",14.0,Q1,1.66,45.36%,
PROSTAGLANDINS & OTHER LIPID MEDIATORS,PROSTAG OTH LIPID M,ELSEVIER SCIENCE INC,1098-8823,2212-196X,BIOCHEMISTRY & MOLECULAR BIOLOGY,SCIE,"2,522",2.5,Q3,0.45,10.97%,
PROSTAGLANDINS LEUKOTRIENES AND ESSENTIAL FATTY ACIDS,PROSTAG LEUKOTR ESS,ELSEVIER SCI LTD,0952-3278,1532-2823,BIOCHEMISTRY & MOLECULAR BIOLOGY,SCIE,"4,130",2.9,Q3,0.6,22.36%,
PROTEIN AND PEPTIDE LETTERS,PROTEIN PEPTIDE LETT,BENTHAM SCIENCE PUBL LTD,0929-8665,1875-5305,BIOCHEMISTRY & MOLECULAR BIOLOGY,SCIE,"2,154",1.0,Q4,0.23,1.75%,
PROTEIN ENGINEERING DESIGN & SELECTION,PROTEIN ENG DES SEL,OXFORD UNIV PRESS,1741-0126,1741-0134,BIOCHEMISTRY & MOLECULAR BIOLOGY,SCIE,"4,221",2.6,Q3,0.34,19.44%,
PROTEIN EXPRESSION AND PURIFICATION,PROTEIN EXPRES PURIF,ACADEMIC PRESS INC ELSEVIER SCIENCE,1046-5928,1096-0279,BIOCHEMISTRY & MOLECULAR BIOLOGY,SCIE,"4,412",1.4,Q4,0.36,18.37%,
PROTEIN JOURNAL,PROTEIN J,SPRINGER,1572-3887,1875-8355,BIOCHEMISTRY & MOLECULAR BIOLOGY,SCIE,"1,389",1.9,Q4,0.47,12.92%,
PROTEIN SCIENCE,PROTEIN SCI,WILEY,0961-8368,1469-896X,BIOCHEMISTRY & MOLECULAR BIOLOGY,SCIE,"19,269",4.5,Q1,1.1,47.07%,
PROTEINS-STRUCTURE FUNCTION AND BIOINFORMATICS,PROTEINS,WILEY,0887-3585,1097-0134,BIOCHEMISTRY & MOLECULAR BIOLOGY,SCIE,"14,309",3.2,Q2,0.69,25.38%,
PROTEOMICS,PROTEOMICS,WILEY,1615-9853,1615-9861,BIOCHEMISTRY & MOLECULAR BIOLOGY,SCIE,"11,678",3.4,Q2,0.66,38.15%,
PTERIDINES,PTERIDINES,DE GRUYTER POLAND SP Z O O,0933-4807,2195-4720,BIOCHEMISTRY & MOLECULAR BIOLOGY,SCIE,136,0.5,Q4,0.09,88.46%,
Peptide Science,PEPTIDE SCI,WILEY,2475-8817,2475-8817,BIOCHEMISTRY & MOLECULAR BIOLOGY,SCIE,477,1.5,Q4,0.35,24.29%,
Pesticide Biochemistry and Physiology,PESTIC BIOCHEM PHYS,ACADEMIC PRESS INC ELSEVIER SCIENCE,0048-3575,1095-9939,BIOCHEMISTRY & MOLECULAR BIOLOGY,SCIE,"9,849",4.2,Q2,1.53,7.32%,
Plant Communications,PLANT COMMUN,CELL PRESS,2590-3462,2590-3462,BIOCHEMISTRY & MOLECULAR BIOLOGY,SCIE,"2,246",9.4,Q1,1.77,96.79%,
Plant Signaling & Behavior,PLANT SIGNAL BEHAV,TAYLOR & FRANCIS INC,1559-2316,1559-2324,BIOCHEMISTRY & MOLECULAR BIOLOGY,SCIE,"10,353",2.8,Q3,0.59,65.66%,
Prion,PRION,TAYLOR & FRANCIS INC,1933-6896,1933-690X,BIOCHEMISTRY & MOLECULAR BIOLOGY,SCIE,958,1.9,Q4,0.41,100%,
Proteomes,PROTEOMES,MDPI,,2227-7382,BIOCHEMISTRY & MOLECULAR BIOLOGY,ESCI,951,4.0,Q2,0.62,99.19%,
REDOX REPORT,REDOX REP,TAYLOR & FRANCIS LTD,1351-0002,1743-2928,BIOCHEMISTRY & MOLECULAR BIOLOGY,SCIE,"2,104",5.2,Q1,0.96,100%,
RNA,RNA,"COLD SPRING HARBOR LAB PRESS, PUBLICATIONS DEPT",1355-8382,1469-9001,BIOCHEMISTRY & MOLECULAR BIOLOGY,SCIE,"12,684",4.2,Q2,0.78,0%,
RNA Biology,RNA BIOL,TAYLOR & FRANCIS INC,1547-6286,1555-8584,BIOCHEMISTRY & MOLECULAR BIOLOGY,SCIE,"8,044",3.6,Q2,0.66,66.76%,
RSC Chemical Biology,RSC CHEM BIOL,ROYAL SOC CHEMISTRY,2633-0679,2633-0679,BIOCHEMISTRY & MOLECULAR BIOLOGY,ESCI,"1,205",4.2,Q2,0.56,96.89%,
RSC Medicinal Chemistry,RSC MED CHEM,ROYAL SOC CHEMISTRY,,2632-8682,BIOCHEMISTRY & MOLECULAR BIOLOGY,SCIE,"1,847",4.1,Q2,0.7,17.9%,
RUSSIAN JOURNAL OF BIOORGANIC CHEMISTRY,RUSS J BIOORG CHEM+,MAIK NAUKA/INTERPERIODICA/SPRINGER,1068-1620,1608-330X,BIOCHEMISTRY & MOLECULAR BIOLOGY,SCIE,"1,488",1.1,Q4,0.23,7.47%,
Redox Biology,REDOX BIOL,ELSEVIER,2213-2317,2213-2317,BIOCHEMISTRY & MOLECULAR BIOLOGY,SCIE,"28,038",10.7,Q1,2.07,95.73%,
Reports of Biochemistry and Molecular Biology,REP BIOCHEM MOL BIOL,VARASTEGAN INST MEDICAL SCIENCES,2322-3480,2322-3480,BIOCHEMISTRY & MOLECULAR BIOLOGY,ESCI,655,1.6,Q4,0.25,50.23%,
STEROIDS,STEROIDS,ELSEVIER SCIENCE INC,0039-128X,1878-5867,BIOCHEMISTRY & MOLECULAR BIOLOGY,SCIE,"5,894",2.1,Q4,0.52,12.58%,
STRUCTURE,STRUCTURE,CELL PRESS,0969-2126,1878-4186,BIOCHEMISTRY & MOLECULAR BIOLOGY,SCIE,"14,144",4.4,Q2,1.14,79.13%,
Science Signaling,SCI SIGNAL,AMER ASSOC ADVANCEMENT SCIENCE,1945-0877,1937-9145,BIOCHEMISTRY & MOLECULAR BIOLOGY,SCIE,"14,493",6.7,Q1,1.24,2.85%,
Signal Transduction and Targeted Therapy,SIGNAL TRANSDUCT TAR,SPRINGERNATURE,2095-9907,2059-3635,BIOCHEMISTRY & MOLECULAR BIOLOGY,SCIE,"29,874",40.8,Q1,4.42,99.57%,
Statistical Applications in Genetics and Molecular Biology,STAT APPL GENET MOL,WALTER DE GRUYTER GMBH,2194-6302,1544-6115,BIOCHEMISTRY & MOLECULAR BIOLOGY,SCIE,"1,407",0.8,Q4,0.2,10.71%,
TRACE ELEMENTS AND ELECTROLYTES,TRACE ELEM ELECTROLY,DUSTRI-VERLAG DR KARL FEISTLE,0946-2104,0946-2104,BIOCHEMISTRY & MOLECULAR BIOLOGY,SCIE,162,0.1,Q4,0.04,0%,
TRANSGENIC RESEARCH,TRANSGENIC RES,SPRINGER,0962-8819,1573-9368,BIOCHEMISTRY & MOLECULAR BIOLOGY,SCIE,"2,474",2.7,Q3,0.56,35%,
TRENDS IN BIOCHEMICAL SCIENCES,TRENDS BIOCHEM SCI,CELL PRESS,0968-0004,1362-4326,BIOCHEMISTRY & MOLECULAR BIOLOGY,SCIE,"19,707",11.6,Q1,1.35,39.45%,
TRENDS IN GLYCOSCIENCE AND GLYCOTECHNOLOGY,TRENDS GLYCOSCI GLYC,GAKUSHIN PUBL CO,0915-7352,0915-7352,BIOCHEMISTRY & MOLECULAR BIOLOGY,SCIE,168,0.2,Q4,0.03,0%,
TRENDS IN MICROBIOLOGY,TRENDS MICROBIOL,CELL PRESS,0966-842X,1878-4380,BIOCHEMISTRY & MOLECULAR BIOLOGY,SCIE,"18,267",14.0,Q1,1.53,36.25%,
TRENDS IN MOLECULAR MEDICINE,TRENDS MOL MED,CELL PRESS,1471-4914,1471-499X,BIOCHEMISTRY & MOLECULAR BIOLOGY,SCIE,"13,325",12.8,Q1,1.43,33.03%,
Transcription-Austin,TRANSCR-AUSTIN,TAYLOR & FRANCIS INC,2154-1264,2154-1272,BIOCHEMISTRY & MOLECULAR BIOLOGY,ESCI,714,3.6,Q2,0.5,40%,
Turkish Journal of Biochemistry-Turk Biyokimya Dergisi,TURK J BIOCHEM,WALTER DE GRUYTER GMBH,0250-4685,1303-829X,BIOCHEMISTRY & MOLECULAR BIOLOGY,SCIE,595,0.6,Q4,0.12,98.04%,
YEAST,YEAST,WILEY,0749-503X,1097-0061,BIOCHEMISTRY & MOLECULAR BIOLOGY,SCIE,"3,818",2.2,Q4,0.56,25.78%,
ZEITSCHRIFT FUR NATURFORSCHUNG SECTION C-A JOURNAL OF BIOSCIENCES,Z NATURFORSCH C,WALTER DE GRUYTER GMBH,0939-5075,1865-7125,BIOCHEMISTRY & MOLECULAR BIOLOGY,SCIE,"3,833",1.8,Q4,0.48,3.82%,
